Mon Mar 31 00:08:08 2025 [11570][-none-][DEBUG] current_language is: en_us
Mon Mar 31 00:08:08 2025 [11570][-none-][DEBUG] Found cache backend SugarCacheAPC
Mon Mar 31 00:08:08 2025 [11570][-none-][DEBUG] Found cache backend SugarCacheFile
Mon Mar 31 00:08:08 2025 [11570][-none-][DEBUG] Found cache backend SugarCacheMemcache
Mon Mar 31 00:08:08 2025 [11570][-none-][DEBUG] Found cache backend SugarCacheMemcached
Mon Mar 31 00:08:08 2025 [11570][-none-][DEBUG] Found cache backend SugarCacheMemory
Mon Mar 31 00:08:08 2025 [11570][-none-][DEBUG] Using cache backend SugarCacheMemory, since 999 is less than 1000
Mon Mar 31 00:08:08 2025 [11570][-none-][DEBUG] Found cache backend SugarCacheRedis
Mon Mar 31 00:08:08 2025 [11570][-none-][DEBUG] Found cache backend SugarCachesMash
Mon Mar 31 00:08:08 2025 [11570][-none-][DEBUG] Found cache backend SugarCacheWincache
Mon Mar 31 00:08:08 2025 [11570][-none-][DEBUG] Found cache backend SugarCacheZend
Mon Mar 31 00:08:08 2025 [11570][-none-][INFO] Found language file: en_us.lang.php
Mon Mar 31 00:08:08 2025 [11570][-none-][INFO] Found extended language file: en_us.lang.ext.php
Mon Mar 31 00:08:08 2025 [11570][-none-][WARN] Configuration variable date.timezone is not set, guessed timezone UTC. Please set date.timezone="UTC" in php.ini!
Mon Mar 31 00:08:08 2025 [11570][-none-][INFO] Query:SELECT id, name, symbol, conversion_rate FROM currencies WHERE status = 'Active' and deleted = 0
Mon Mar 31 00:08:08 2025 [11570][-none-][INFO] Query Execution Time:0.00036501884460449
Mon Mar 31 00:08:08 2025 [11570][-none-][DEBUG] rebuilding cache for Users
Mon Mar 31 00:08:08 2025 [11570][-none-][INFO] Query:SELECT * FROM fields_meta_data WHERE  custom_module='Users' AND  deleted = 0
Mon Mar 31 00:08:08 2025 [11570][-none-][INFO] Query Execution Time:0.00044703483581543
Mon Mar 31 00:08:08 2025 [11570][-none-][DEBUG] rebuilding cache for Employees
Mon Mar 31 00:08:08 2025 [11570][-none-][INFO] Query:SELECT * FROM fields_meta_data WHERE  custom_module='Employees' AND  deleted = 0
Mon Mar 31 00:08:08 2025 [11570][-none-][INFO] Query Execution Time:0.00043797492980957
Mon Mar 31 00:08:09 2025 [11570][-none-][DEBUG] rebuilding cache for EmailAddresses
Mon Mar 31 00:08:09 2025 [11570][-none-][INFO] Query:SELECT * FROM fields_meta_data WHERE  custom_module='EmailAddresses' AND  deleted = 0
Mon Mar 31 00:08:09 2025 [11570][-none-][INFO] Query Execution Time:0.00041890144348145
Mon Mar 31 00:08:09 2025 [11570][-none-][DEBUG] rebuilding cache for UserPreferences
Mon Mar 31 00:08:09 2025 [11570][-none-][INFO] Query:SELECT * FROM fields_meta_data WHERE  custom_module='UserPreferences' AND  deleted = 0
Mon Mar 31 00:08:09 2025 [11570][-none-][INFO] Query Execution Time:0.00044584274291992
Mon Mar 31 00:08:09 2025 [11570][-none-][DEBUG] rebuilding cache for Administration
Mon Mar 31 00:08:09 2025 [11570][-none-][INFO] Query:SELECT * FROM fields_meta_data WHERE  custom_module='Administration' AND  deleted = 0
Mon Mar 31 00:08:09 2025 [11570][-none-][INFO] Query Execution Time:0.00037908554077148
Mon Mar 31 00:08:09 2025 [11570][-none-][INFO] Query:SELECT category, name, value FROM config
Mon Mar 31 00:08:09 2025 [11570][-none-][INFO] Query Execution Time:0.00032591819763184
Mon Mar 31 00:08:09 2025 [11570][-none-][INFO] Query:SELECT id FROM outbound_email WHERE type = 'system' AND deleted = 0
Mon Mar 31 00:08:09 2025 [11570][-none-][INFO] Query Execution Time:0.00040197372436523
Mon Mar 31 00:08:09 2025 [11570][-none-][INFO] Query:SELECT * FROM outbound_email WHERE id = '9f511e14-b421-834c-19d7-67e81d8d1ac8'
Mon Mar 31 00:08:09 2025 [11570][-none-][INFO] Query Execution Time:0.00032615661621094
Mon Mar 31 00:08:09 2025 [11570][-none-][DEBUG] Hook called: ::after_entry_point
Mon Mar 31 00:08:09 2025 [11570][-none-][DEBUG] Including module specific hook file for custom/modules
Mon Mar 31 00:08:09 2025 [11570][-none-][DEBUG] Including Ext hook file for custom/application
Mon Mar 31 00:08:09 2025 [11570][-none-][DEBUG] Hook called: ::after_session_start
Mon Mar 31 00:08:09 2025 [11570][-none-][DEBUG] Unable to find SugarController:: index
Mon Mar 31 00:08:09 2025 [11570][-none-][DEBUG] We have an authenticated user id: 1
Mon Mar 31 00:08:09 2025 [11570][-none-][DEBUG] Hook called: Users::before_retrieve
Mon Mar 31 00:08:09 2025 [11570][-none-][DEBUG] Including module specific hook file for custom/modules/Users
Mon Mar 31 00:08:09 2025 [11570][-none-][DEBUG] Retrieve User : SELECT users.* FROM users  WHERE users.id = '1' AND users.deleted=0
Mon Mar 31 00:08:09 2025 [11570][-none-][DEBUG] Limit Query:SELECT users.* FROM users  WHERE users.id = '1' AND users.deleted=0 Start: 0 count: 1
Mon Mar 31 00:08:09 2025 [11570][-none-][INFO] Query:SELECT users.* FROM users  WHERE users.id = '1' AND users.deleted=0 LIMIT 0,1
Mon Mar 31 00:08:09 2025 [11570][-none-][INFO] Query Execution Time:0.00042581558227539
Mon Mar 31 00:08:09 2025 [11570][1][DEBUG] get_user_array query: SELECT id, first_name, last_name, user_name FROM users WHERE 1=1 ORDER BY first_name, last_name ASC
Mon Mar 31 00:08:09 2025 [11570][1][INFO] Query:SELECT id, first_name, last_name, user_name FROM users WHERE 1=1 ORDER BY first_name, last_name ASC
Mon Mar 31 00:08:09 2025 [11570][1][INFO] Query Execution Time:0.00034809112548828
Mon Mar 31 00:08:09 2025 [11570][1][INFO] Query:SELECT u1.first_name, u1.last_name from users  u1, users  u2 where u1.id = u2.reports_to_id AND u2.id = '1' and u1.deleted=0
Mon Mar 31 00:08:09 2025 [11570][1][INFO] Query Execution Time:0.00029087066650391
Mon Mar 31 00:08:09 2025 [11570][1][DEBUG] SugarBean[User].load_relationships, Loading relationship (reports_to_link).
Mon Mar 31 00:08:09 2025 [11570][1][INFO] Query:SELECT 
                    ea.email_address,
                    ea.email_address_caps,
                    ea.invalid_email,
                    ea.opt_out,
                    ea.confirm_opt_in,
                    ea.date_created,
                    ea.date_modified,
                    ear.id,
                    ear.email_address_id,
                    ear.bean_id,
                    ear.bean_module,
                    ear.primary_address,
                    ear.reply_to_address,
                    ear.deleted
                FROM email_addresses ea LEFT JOIN email_addr_bean_rel ear ON ea.id = ear.email_address_id
                WHERE 
                    ear.bean_module = 'Users'
                    AND ear.bean_id = '1'
                    AND ear.deleted = 0
                ORDER BY ear.reply_to_address, ear.primary_address DESC
Mon Mar 31 00:08:09 2025 [11570][1][INFO] Query Execution Time:0.00044703483581543
Mon Mar 31 00:08:09 2025 [11570][1][DEBUG] Hook called: Users::after_retrieve
Mon Mar 31 00:08:09 2025 [11570][1][DEBUG] FACTOR AUTH: -------------------------------------------------------------
Mon Mar 31 00:08:09 2025 [11570][1][DEBUG] FACTOR AUTH: --------------------- CHECK FACTOR AUtH ---------------------
Mon Mar 31 00:08:09 2025 [11570][1][DEBUG] FACTOR AUTH: -------------------------------------------------------------
Mon Mar 31 00:08:09 2025 [11570][1][DEBUG] FACTOR AUTH: User needs factor auth, request is not Logout
Mon Mar 31 00:08:09 2025 [11570][1][DEBUG] FACTOR AUTH: User does`nt need factor auth
Mon Mar 31 00:08:09 2025 [11570][1][DEBUG] Current user is: admin
Mon Mar 31 00:08:09 2025 [11570][1][DEBUG] Current user is: admin
Mon Mar 31 00:08:09 2025 [11570][1][DEBUG] setting cookie ck_login_id_20 to 1
Mon Mar 31 00:08:09 2025 [11570][1][DEBUG] setting cookie ck_login_language_20 to en_us
Mon Mar 31 00:08:09 2025 [11570][1][DEBUG] current_language is: en_us
Mon Mar 31 00:08:09 2025 [11570][1][INFO] Found language file: en_us.lang.php
Mon Mar 31 00:08:09 2025 [11570][1][INFO] Found extended language file: en_us.lang.ext.php
Mon Mar 31 00:08:09 2025 [11570][1][DEBUG] SuiteCRM\ModuleInstall\ExtensionManager::compileExtensionFiles() : Merging module files in custom/Extension/modules/<module>/Language to custom/modules/<module>/Language/en_us.lang.ext.php
Mon Mar 31 00:08:10 2025 [11570][1][DEBUG] Merging application files for en_us.lang.ext.php in Language
Mon Mar 31 00:08:10 2025 [11570][1][DEBUG] rebuilding cache for TEST_PhoneNumbers
Mon Mar 31 00:08:10 2025 [11570][1][INFO] Query:SELECT * FROM fields_meta_data WHERE  custom_module='TEST_PhoneNumbers' AND  deleted = 0
Mon Mar 31 00:08:10 2025 [11570][1][INFO] Query Execution Time:0.0004429817199707
Mon Mar 31 00:08:10 2025 [11570][1][DEBUG] Performing action: action_listview MODULE: TEST_PhoneNumbers
Mon Mar 31 00:08:10 2025 [11570][1][DEPRECATED] Array
(
)

Mon Mar 31 00:08:10 2025 [11570][1][WARN] CSS File Dawn/yui.css not found
Mon Mar 31 00:08:10 2025 [11570][1][DEBUG] SuiteCRM\ModuleInstall\ExtensionManager::compileExtensionFiles() : Merging module files in custom/Extension/modules/<module>/Language to custom/modules/<module>/Language/en_us.lang.ext.php
Mon Mar 31 00:08:11 2025 [11570][1][DEBUG] Merging application files for en_us.lang.ext.php in Language
Mon Mar 31 00:08:11 2025 [11570][1][DEBUG] rebuilding cache for Favorites
Mon Mar 31 00:08:11 2025 [11570][1][INFO] Query:SELECT * FROM fields_meta_data WHERE  custom_module='Favorites' AND  deleted = 0
Mon Mar 31 00:08:11 2025 [11570][1][INFO] Query Execution Time:0.00043916702270508
Mon Mar 31 00:08:11 2025 [11570][1][INFO] Query:SELECT parent_id, parent_type FROM favorites WHERE assigned_user_id = '1' AND deleted = 0 ORDER BY date_entered DESC
Mon Mar 31 00:08:11 2025 [11570][1][INFO] Query Execution Time:0.00032782554626465
Mon Mar 31 00:08:11 2025 [11570][1][DEBUG] rebuilding cache for Trackers
Mon Mar 31 00:08:11 2025 [11570][1][INFO] Query:SELECT * FROM fields_meta_data WHERE  custom_module='Trackers' AND  deleted = 0
Mon Mar 31 00:08:11 2025 [11570][1][INFO] Query Execution Time:0.00036787986755371
Mon Mar 31 00:08:11 2025 [11570][1][DEBUG] Limit Query:SELECT item_id, item_summary, module_name, id FROM tracker WHERE id = (SELECT MAX(id) as id FROM tracker WHERE user_id = '1' AND deleted = 0 AND visible = 1) Start: 0 count: 50
Mon Mar 31 00:08:11 2025 [11570][1][INFO] Query:SELECT item_id, item_summary, module_name, id FROM tracker WHERE id = (SELECT MAX(id) as id FROM tracker WHERE user_id = '1' AND deleted = 0 AND visible = 1) LIMIT 0,50
Mon Mar 31 00:08:11 2025 [11570][1][INFO] Query Execution Time:0.00049996376037598
Mon Mar 31 00:08:11 2025 [11570][1][INFO] Tracker: retrieving 3 items
Mon Mar 31 00:08:12 2025 [11570][1][DEBUG] SuiteCRM\ModuleInstall\ExtensionManager::compileExtensionFiles() : Merging module files in custom/Extension/modules/<module>/Language to custom/modules/<module>/Language/en_us.lang.ext.php
Mon Mar 31 00:08:12 2025 [11570][1][DEBUG] Merging application files for en_us.lang.ext.php in Language
Mon Mar 31 00:08:12 2025 [11570][1][DEBUG] rebuilding cache for Emails
Mon Mar 31 00:08:12 2025 [11570][1][INFO] Query:SELECT * FROM fields_meta_data WHERE  custom_module='Emails' AND  deleted = 0
Mon Mar 31 00:08:12 2025 [11570][1][INFO] Query Execution Time:0.0003809928894043
Mon Mar 31 00:08:13 2025 [11570][1][DEBUG] Hook called: TEST_PhoneNumbers::before_retrieve
Mon Mar 31 00:08:13 2025 [11570][1][DEBUG] Retrieve TEST_PhoneNumbers : SELECT test_phonenumbers.* FROM test_phonenumbers  WHERE test_phonenumbers.id = 'ac95186a-26bd-5663-b402-67e836487e62' AND test_phonenumbers.deleted=0
Mon Mar 31 00:08:13 2025 [11570][1][DEBUG] Limit Query:SELECT test_phonenumbers.* FROM test_phonenumbers  WHERE test_phonenumbers.id = 'ac95186a-26bd-5663-b402-67e836487e62' AND test_phonenumbers.deleted=0 Start: 0 count: 1
Mon Mar 31 00:08:13 2025 [11570][1][INFO] Query:SELECT test_phonenumbers.* FROM test_phonenumbers  WHERE test_phonenumbers.id = 'ac95186a-26bd-5663-b402-67e836487e62' AND test_phonenumbers.deleted=0 LIMIT 0,1
Mon Mar 31 00:08:13 2025 [11570][1][INFO] Query Execution Time:0.00038981437683105
Mon Mar 31 00:08:13 2025 [11570][1][DEBUG] SugarBean[TEST_PhoneNumbers].load_relationships, Loading relationship (assigned_user_id).
Mon Mar 31 00:08:13 2025 [11570][1][DEBUG] SugarBean.load_relationships, failed Loading relationship (assigned_user_id)
Mon Mar 31 00:08:13 2025 [11570][1][DEBUG] SugarBean[TEST_PhoneNumbers].load_relationships, Loading relationship (assigned_user_id).
Mon Mar 31 00:08:13 2025 [11570][1][DEBUG] SugarBean.load_relationships, failed Loading relationship (assigned_user_id)
Mon Mar 31 00:08:13 2025 [11570][1][DEBUG] Hook called: TEST_PhoneNumbers::after_retrieve
Mon Mar 31 00:08:13 2025 [11570][1][DEBUG] Hook called: TEST_PhoneNumbers::before_retrieve
Mon Mar 31 00:08:13 2025 [11570][1][DEBUG] Retrieve TEST_PhoneNumbers : SELECT test_phonenumbers.* FROM test_phonenumbers  WHERE test_phonenumbers.id = '940a4212-b322-88a4-4287-67e99bcb014f' AND test_phonenumbers.deleted=0
Mon Mar 31 00:08:13 2025 [11570][1][DEBUG] Limit Query:SELECT test_phonenumbers.* FROM test_phonenumbers  WHERE test_phonenumbers.id = '940a4212-b322-88a4-4287-67e99bcb014f' AND test_phonenumbers.deleted=0 Start: 0 count: 1
Mon Mar 31 00:08:13 2025 [11570][1][INFO] Query:SELECT test_phonenumbers.* FROM test_phonenumbers  WHERE test_phonenumbers.id = '940a4212-b322-88a4-4287-67e99bcb014f' AND test_phonenumbers.deleted=0 LIMIT 0,1
Mon Mar 31 00:08:13 2025 [11570][1][INFO] Query Execution Time:0.00034117698669434
Mon Mar 31 00:08:13 2025 [11570][1][DEBUG] SugarBean[TEST_PhoneNumbers].load_relationships, Loading relationship (assigned_user_id).
Mon Mar 31 00:08:13 2025 [11570][1][DEBUG] SugarBean.load_relationships, failed Loading relationship (assigned_user_id)
Mon Mar 31 00:08:13 2025 [11570][1][DEBUG] SugarBean[TEST_PhoneNumbers].load_relationships, Loading relationship (assigned_user_id).
Mon Mar 31 00:08:13 2025 [11570][1][DEBUG] SugarBean.load_relationships, failed Loading relationship (assigned_user_id)
Mon Mar 31 00:08:13 2025 [11570][1][DEBUG] Hook called: TEST_PhoneNumbers::after_retrieve
Mon Mar 31 00:08:13 2025 [11570][1][DEBUG] Hook called: TEST_PhoneNumbers::before_retrieve
Mon Mar 31 00:08:13 2025 [11570][1][DEBUG] Retrieve TEST_PhoneNumbers : SELECT test_phonenumbers.* FROM test_phonenumbers  WHERE test_phonenumbers.id = '7c1a86eb-5a0c-332b-8085-67e8264fa4b5' AND test_phonenumbers.deleted=0
Mon Mar 31 00:08:13 2025 [11570][1][DEBUG] Limit Query:SELECT test_phonenumbers.* FROM test_phonenumbers  WHERE test_phonenumbers.id = '7c1a86eb-5a0c-332b-8085-67e8264fa4b5' AND test_phonenumbers.deleted=0 Start: 0 count: 1
Mon Mar 31 00:08:13 2025 [11570][1][INFO] Query:SELECT test_phonenumbers.* FROM test_phonenumbers  WHERE test_phonenumbers.id = '7c1a86eb-5a0c-332b-8085-67e8264fa4b5' AND test_phonenumbers.deleted=0 LIMIT 0,1
Mon Mar 31 00:08:13 2025 [11570][1][INFO] Query Execution Time:0.00036787986755371
Mon Mar 31 00:08:13 2025 [11570][1][DEBUG] Hook called: TEST_PhoneNumbers::before_retrieve
Mon Mar 31 00:08:13 2025 [11570][1][DEBUG] Retrieve TEST_PhoneNumbers : SELECT test_phonenumbers.* FROM test_phonenumbers  WHERE test_phonenumbers.id = '7c1a86eb-5a0c-332b-8085-67e8264fa4b5' AND test_phonenumbers.deleted=0
Mon Mar 31 00:08:13 2025 [11570][1][DEBUG] Limit Query:SELECT test_phonenumbers.* FROM test_phonenumbers  WHERE test_phonenumbers.id = '7c1a86eb-5a0c-332b-8085-67e8264fa4b5' AND test_phonenumbers.deleted=0 Start: 0 count: 1
Mon Mar 31 00:08:13 2025 [11570][1][INFO] Query:SELECT test_phonenumbers.* FROM test_phonenumbers  WHERE test_phonenumbers.id = '7c1a86eb-5a0c-332b-8085-67e8264fa4b5' AND test_phonenumbers.deleted=0 LIMIT 0,1
Mon Mar 31 00:08:13 2025 [11570][1][INFO] Query Execution Time:0.0003199577331543
Mon Mar 31 00:08:13 2025 [11570][1][DEBUG] Hook called: TEST_PhoneNumbers::before_retrieve
Mon Mar 31 00:08:13 2025 [11570][1][DEBUG] Retrieve TEST_PhoneNumbers : SELECT test_phonenumbers.* FROM test_phonenumbers  WHERE test_phonenumbers.id = '7c1a86eb-5a0c-332b-8085-67e8264fa4b5' AND test_phonenumbers.deleted=0
Mon Mar 31 00:08:13 2025 [11570][1][DEBUG] Limit Query:SELECT test_phonenumbers.* FROM test_phonenumbers  WHERE test_phonenumbers.id = '7c1a86eb-5a0c-332b-8085-67e8264fa4b5' AND test_phonenumbers.deleted=0 Start: 0 count: 1
Mon Mar 31 00:08:13 2025 [11570][1][INFO] Query:SELECT test_phonenumbers.* FROM test_phonenumbers  WHERE test_phonenumbers.id = '7c1a86eb-5a0c-332b-8085-67e8264fa4b5' AND test_phonenumbers.deleted=0 LIMIT 0,1
Mon Mar 31 00:08:13 2025 [11570][1][INFO] Query Execution Time:0.00036001205444336
Mon Mar 31 00:08:13 2025 [11570][1][DEBUG] metadatafile=modules/TEST_PhoneNumbers/metadata/listviewdefs.php
Mon Mar 31 00:08:13 2025 [11570][1][WARN] Trying to get property of non-object: list view data "order by" is not defined
Mon Mar 31 00:08:13 2025 [11570][1][WARN] Trying to get property of non-object: list view data "sort order" is not defined
Mon Mar 31 00:08:14 2025 [11570][1][DEBUG] SuiteCRM\ModuleInstall\ExtensionManager::compileExtensionFiles() : Merging module files in custom/Extension/modules/<module>/Language to custom/modules/<module>/Language/en_us.lang.ext.php
Mon Mar 31 00:08:14 2025 [11570][1][DEBUG] Merging application files for en_us.lang.ext.php in Language
Mon Mar 31 00:08:14 2025 [11570][1][DEBUG] rebuilding cache for SavedSearch
Mon Mar 31 00:08:14 2025 [11570][1][INFO] Query:SELECT * FROM fields_meta_data WHERE  custom_module='SavedSearch' AND  deleted = 0
Mon Mar 31 00:08:14 2025 [11570][1][INFO] Query Execution Time:0.00046110153198242
Mon Mar 31 00:08:14 2025 [11570][1][INFO] Query:SELECT id, name FROM saved_search
                  WHERE
                    deleted = '0' AND
                    assigned_user_id = '1' AND
                    search_module =  'TEST_PhoneNumbers'
                  ORDER BY name
Mon Mar 31 00:08:14 2025 [11570][1][INFO] Query Execution Time:0.00069999694824219
Mon Mar 31 00:08:14 2025 [11570][1][DEPRECATED] Using row number in fetchByAssoc is not portable and no longer supported. Please fix your code.
Mon Mar 31 00:08:16 2025 [11570][1][DEBUG] Hook called: TEST_PhoneNumbers::before_acl_query
Mon Mar 31 00:08:16 2025 [11570][1][DEBUG] Limit Query: SELECT  test_phonenumbers.id , test_phonenumbers.phone_number , test_phonenumbers.assigned_user_id  FROM test_phonenumbers  where test_phonenumbers.deleted=0 ORDER BY test_phonenumbers.phone_number ASC Start: 0 count: 21
Mon Mar 31 00:08:16 2025 [11570][1][INFO] Query: SELECT  test_phonenumbers.id , test_phonenumbers.phone_number , test_phonenumbers.assigned_user_id  FROM test_phonenumbers  where test_phonenumbers.deleted=0 ORDER BY test_phonenumbers.phone_number ASC LIMIT 0,21
Mon Mar 31 00:08:16 2025 [11570][1][INFO] Query Execution Time:0.00042414665222168
Mon Mar 31 00:08:16 2025 [11570][1][DEBUG] Hook called: TEST_PhoneNumbers::process_record
Mon Mar 31 00:08:16 2025 [11570][1][DEBUG] Hook called: TEST_PhoneNumbers::process_record
Mon Mar 31 00:08:19 2025 [11570][1][DEBUG] Hook called: TEST_PhoneNumbers::after_ui_frame
Mon Mar 31 00:08:19 2025 [11570][1][DEBUG] Creating new instance of hook class hooks without parameters
Mon Mar 31 00:08:19 2025 [11570][1][DEBUG] Creating new instance of hook class AssignGroups without parameters
Mon Mar 31 00:08:19 2025 [11570][1][DEBUG] SuiteCRM\ModuleInstall\ExtensionManager::compileExtensionFiles() : Merging module files in custom/Extension/modules/<module>/Language to custom/modules/<module>/Language/en_us.lang.ext.php
Mon Mar 31 00:08:19 2025 [11570][1][DEBUG] Merging application files for en_us.lang.ext.php in Language
Mon Mar 31 00:08:20 2025 [11570][1][DEBUG] rebuilding cache for SecurityGroups
Mon Mar 31 00:08:20 2025 [11570][1][INFO] Query:SELECT * FROM fields_meta_data WHERE  custom_module='SecurityGroups' AND  deleted = 0
Mon Mar 31 00:08:20 2025 [11570][1][INFO] Query Execution Time:0.00043892860412598
Mon Mar 31 00:08:20 2025 [11570][1][DEBUG] rebuilding cache for Relationships
Mon Mar 31 00:08:20 2025 [11570][1][INFO] Query:SELECT * FROM fields_meta_data WHERE  custom_module='Relationships' AND  deleted = 0
Mon Mar 31 00:08:20 2025 [11570][1][INFO] Query Execution Time:0.00052595138549805
Mon Mar 31 00:08:20 2025 [11570][1][DEBUG] SecuritySuite: Get SecuritySuite Enabled Modules: SELECT lhs_module, rhs_module FROM relationships WHERE deleted=0 AND (lhs_module = 'SecurityGroups' OR rhs_module='SecurityGroups')
Mon Mar 31 00:08:20 2025 [11570][1][INFO] Query:SELECT lhs_module, rhs_module FROM relationships WHERE deleted=0 AND (lhs_module = 'SecurityGroups' OR rhs_module='SecurityGroups')
Mon Mar 31 00:08:20 2025 [11570][1][INFO] Query Execution Time:0.00055813789367676
Mon Mar 31 00:08:20 2025 [11570][1][DEBUG] get_list:  order_by = 'name' and where = '' and limit = '-99'
Mon Mar 31 00:08:20 2025 [11570][1][DEBUG] Hook called: SecurityGroups::before_acl_query
Mon Mar 31 00:08:20 2025 [11570][1][DEBUG] SugarBean[SecurityGroup].load_relationships, Loading relationship (modified_user_link).
Mon Mar 31 00:08:20 2025 [11570][1][DEBUG] SugarBean[SecurityGroup].load_relationships, Loading relationship (created_by_link).
Mon Mar 31 00:08:20 2025 [11570][1][DEBUG] SugarBean[SecurityGroup].load_relationships, Loading relationship (assigned_user_link).
Mon Mar 31 00:08:20 2025 [11570][1][DEBUG] SugarBean[SecurityGroup].load_relationships, Loading relationship (users).
Mon Mar 31 00:08:20 2025 [11570][1][DEBUG] process_list_query:  SELECT  securitygroups.*  , jt0.user_name modified_by_name , jt0.created_by modified_by_name_owner  , 'Users' modified_by_name_mod , jt1.user_name created_by_name , jt1.created_by created_by_name_owner  , 'Users' created_by_name_mod , jt2.user_name assigned_user_name , jt2.created_by assigned_user_name_owner  , 'Users' assigned_user_name_mod, '                                                                                                                                                                                                                                                              ' securitygroup_noninher_fields , '                                    '  user_id  FROM securitygroups   LEFT JOIN  users jt0 ON securitygroups.modified_user_id=jt0.id AND jt0.deleted=0

 AND jt0.deleted=0  LEFT JOIN  users jt1 ON securitygroups.created_by=jt1.id AND jt1.deleted=0

 AND jt1.deleted=0  LEFT JOIN  users jt2 ON securitygroups.assigned_user_id=jt2.id AND jt2.deleted=0

 AND jt2.deleted=0 where securitygroups.deleted=0 ORDER BY securitygroups.name
Mon Mar 31 00:08:20 2025 [11570][1][INFO] Query: SELECT  securitygroups.*  , jt0.user_name modified_by_name , jt0.created_by modified_by_name_owner  , 'Users' modified_by_name_mod , jt1.user_name created_by_name , jt1.created_by created_by_name_owner  , 'Users' created_by_name_mod , jt2.user_name assigned_user_name , jt2.created_by assigned_user_name_owner  , 'Users' assigned_user_name_mod, '                                                                                                                                                                                                                                                              ' securitygroup_noninher_fields , '                                    '  user_id  FROM securitygroups   LEFT JOIN  users jt0 ON securitygroups.modified_user_id=jt0.id AND jt0.deleted=0

 AND jt0.deleted=0  LEFT JOIN  users jt1 ON securitygroups.created_by=jt1.id AND jt1.deleted=0

 AND jt1.deleted=0  LEFT JOIN  users jt2 ON securitygroups.assigned_user_id=jt2.id AND jt2.deleted=0

 AND jt2.deleted=0 where securitygroups.deleted=0 ORDER BY securitygroups.name
Mon Mar 31 00:08:20 2025 [11570][1][INFO] Query Execution Time:0.00078892707824707
Mon Mar 31 00:08:20 2025 [11570][1][DEBUG] Hook called: ::after_ui_footer
Mon Mar 31 00:08:20 2025 [11570][1][DEBUG] Creating new instance of hook class AssignGroups without parameters
Mon Mar 31 00:08:20 2025 [11570][1][DEBUG] Hook called: ::server_round_trip
Mon Mar 31 00:08:20 2025 [11570][1][DEBUG] Calling MySQLi::disconnect()
Mon Mar 31 00:08:25 2025 [9581][-none-][DEBUG] current_language is: en_us
Mon Mar 31 00:08:25 2025 [9581][-none-][DEBUG] Found cache backend SugarCacheAPC
Mon Mar 31 00:08:25 2025 [9581][-none-][DEBUG] Found cache backend SugarCacheFile
Mon Mar 31 00:08:25 2025 [9581][-none-][DEBUG] Found cache backend SugarCacheMemcache
Mon Mar 31 00:08:25 2025 [9581][-none-][DEBUG] Found cache backend SugarCacheMemcached
Mon Mar 31 00:08:25 2025 [9581][-none-][DEBUG] Found cache backend SugarCacheMemory
Mon Mar 31 00:08:25 2025 [9581][-none-][DEBUG] Using cache backend SugarCacheMemory, since 999 is less than 1000
Mon Mar 31 00:08:25 2025 [9581][-none-][DEBUG] Found cache backend SugarCacheRedis
Mon Mar 31 00:08:25 2025 [9581][-none-][DEBUG] Found cache backend SugarCachesMash
Mon Mar 31 00:08:25 2025 [9581][-none-][DEBUG] Found cache backend SugarCacheWincache
Mon Mar 31 00:08:25 2025 [9581][-none-][DEBUG] Found cache backend SugarCacheZend
Mon Mar 31 00:08:25 2025 [9581][-none-][INFO] Found language file: en_us.lang.php
Mon Mar 31 00:08:25 2025 [9581][-none-][INFO] Found extended language file: en_us.lang.ext.php
Mon Mar 31 00:08:25 2025 [9581][-none-][WARN] Configuration variable date.timezone is not set, guessed timezone UTC. Please set date.timezone="UTC" in php.ini!
Mon Mar 31 00:08:25 2025 [9581][-none-][INFO] Query:SELECT id, name, symbol, conversion_rate FROM currencies WHERE status = 'Active' and deleted = 0
Mon Mar 31 00:08:25 2025 [9581][-none-][INFO] Query Execution Time:0.00034523010253906
Mon Mar 31 00:08:26 2025 [9581][-none-][DEBUG] rebuilding cache for Users
Mon Mar 31 00:08:26 2025 [9581][-none-][INFO] Query:SELECT * FROM fields_meta_data WHERE  custom_module='Users' AND  deleted = 0
Mon Mar 31 00:08:26 2025 [9581][-none-][INFO] Query Execution Time:0.00041413307189941
Mon Mar 31 00:08:26 2025 [9581][-none-][DEBUG] rebuilding cache for Employees
Mon Mar 31 00:08:26 2025 [9581][-none-][INFO] Query:SELECT * FROM fields_meta_data WHERE  custom_module='Employees' AND  deleted = 0
Mon Mar 31 00:08:26 2025 [9581][-none-][INFO] Query Execution Time:0.00039196014404297
Mon Mar 31 00:08:26 2025 [9581][-none-][DEBUG] rebuilding cache for EmailAddresses
Mon Mar 31 00:08:26 2025 [9581][-none-][INFO] Query:SELECT * FROM fields_meta_data WHERE  custom_module='EmailAddresses' AND  deleted = 0
Mon Mar 31 00:08:26 2025 [9581][-none-][INFO] Query Execution Time:0.00047206878662109
Mon Mar 31 00:08:26 2025 [9581][-none-][DEBUG] rebuilding cache for UserPreferences
Mon Mar 31 00:08:26 2025 [9581][-none-][INFO] Query:SELECT * FROM fields_meta_data WHERE  custom_module='UserPreferences' AND  deleted = 0
Mon Mar 31 00:08:26 2025 [9581][-none-][INFO] Query Execution Time:0.00051403045654297
Mon Mar 31 00:08:26 2025 [9581][-none-][DEBUG] rebuilding cache for Administration
Mon Mar 31 00:08:26 2025 [9581][-none-][INFO] Query:SELECT * FROM fields_meta_data WHERE  custom_module='Administration' AND  deleted = 0
Mon Mar 31 00:08:26 2025 [9581][-none-][INFO] Query Execution Time:0.00048303604125977
Mon Mar 31 00:08:26 2025 [9581][-none-][INFO] Query:SELECT category, name, value FROM config
Mon Mar 31 00:08:26 2025 [9581][-none-][INFO] Query Execution Time:0.00047397613525391
Mon Mar 31 00:08:26 2025 [9581][-none-][INFO] Query:SELECT id FROM outbound_email WHERE type = 'system' AND deleted = 0
Mon Mar 31 00:08:26 2025 [9581][-none-][INFO] Query Execution Time:0.00037097930908203
Mon Mar 31 00:08:26 2025 [9581][-none-][INFO] Query:SELECT * FROM outbound_email WHERE id = '9f511e14-b421-834c-19d7-67e81d8d1ac8'
Mon Mar 31 00:08:26 2025 [9581][-none-][INFO] Query Execution Time:0.00042486190795898
Mon Mar 31 00:08:26 2025 [9581][-none-][DEBUG] Hook called: ::after_entry_point
Mon Mar 31 00:08:26 2025 [9581][-none-][DEBUG] Including module specific hook file for custom/modules
Mon Mar 31 00:08:26 2025 [9581][-none-][DEBUG] Including Ext hook file for custom/application
Mon Mar 31 00:08:26 2025 [9581][-none-][DEBUG] Hook called: ::after_session_start
Mon Mar 31 00:08:26 2025 [9581][-none-][DEBUG] Unable to find SugarController:: get
Mon Mar 31 00:08:26 2025 [9581][-none-][DEBUG] We have an authenticated user id: 1
Mon Mar 31 00:08:26 2025 [9581][-none-][DEBUG] Hook called: Users::before_retrieve
Mon Mar 31 00:08:26 2025 [9581][-none-][DEBUG] Including module specific hook file for custom/modules/Users
Mon Mar 31 00:08:26 2025 [9581][-none-][DEBUG] Retrieve User : SELECT users.* FROM users  WHERE users.id = '1' AND users.deleted=0
Mon Mar 31 00:08:26 2025 [9581][-none-][DEBUG] Limit Query:SELECT users.* FROM users  WHERE users.id = '1' AND users.deleted=0 Start: 0 count: 1
Mon Mar 31 00:08:26 2025 [9581][-none-][INFO] Query:SELECT users.* FROM users  WHERE users.id = '1' AND users.deleted=0 LIMIT 0,1
Mon Mar 31 00:08:26 2025 [9581][-none-][INFO] Query Execution Time:0.00052094459533691
Mon Mar 31 00:08:26 2025 [9581][1][DEBUG] get_user_array query: SELECT id, first_name, last_name, user_name FROM users WHERE 1=1 ORDER BY first_name, last_name ASC
Mon Mar 31 00:08:26 2025 [9581][1][INFO] Query:SELECT id, first_name, last_name, user_name FROM users WHERE 1=1 ORDER BY first_name, last_name ASC
Mon Mar 31 00:08:26 2025 [9581][1][INFO] Query Execution Time:0.00031805038452148
Mon Mar 31 00:08:26 2025 [9581][1][INFO] Query:SELECT u1.first_name, u1.last_name from users  u1, users  u2 where u1.id = u2.reports_to_id AND u2.id = '1' and u1.deleted=0
Mon Mar 31 00:08:26 2025 [9581][1][INFO] Query Execution Time:0.00027203559875488
Mon Mar 31 00:08:26 2025 [9581][1][DEBUG] SugarBean[User].load_relationships, Loading relationship (reports_to_link).
Mon Mar 31 00:08:26 2025 [9581][1][INFO] Query:SELECT 
                    ea.email_address,
                    ea.email_address_caps,
                    ea.invalid_email,
                    ea.opt_out,
                    ea.confirm_opt_in,
                    ea.date_created,
                    ea.date_modified,
                    ear.id,
                    ear.email_address_id,
                    ear.bean_id,
                    ear.bean_module,
                    ear.primary_address,
                    ear.reply_to_address,
                    ear.deleted
                FROM email_addresses ea LEFT JOIN email_addr_bean_rel ear ON ea.id = ear.email_address_id
                WHERE 
                    ear.bean_module = 'Users'
                    AND ear.bean_id = '1'
                    AND ear.deleted = 0
                ORDER BY ear.reply_to_address, ear.primary_address DESC
Mon Mar 31 00:08:26 2025 [9581][1][INFO] Query Execution Time:0.00040102005004883
Mon Mar 31 00:08:26 2025 [9581][1][DEBUG] Hook called: Users::after_retrieve
Mon Mar 31 00:08:26 2025 [9581][1][DEBUG] FACTOR AUTH: -------------------------------------------------------------
Mon Mar 31 00:08:26 2025 [9581][1][DEBUG] FACTOR AUTH: --------------------- CHECK FACTOR AUtH ---------------------
Mon Mar 31 00:08:26 2025 [9581][1][DEBUG] FACTOR AUTH: -------------------------------------------------------------
Mon Mar 31 00:08:26 2025 [9581][1][DEBUG] FACTOR AUTH: User needs factor auth, request is not Logout
Mon Mar 31 00:08:26 2025 [9581][1][DEBUG] FACTOR AUTH: User does`nt need factor auth
Mon Mar 31 00:08:26 2025 [9581][1][DEBUG] Current user is: admin
Mon Mar 31 00:08:26 2025 [9581][1][DEBUG] Current user is: admin
Mon Mar 31 00:08:26 2025 [9581][1][DEBUG] setting cookie ck_login_id_20 to 1
Mon Mar 31 00:08:26 2025 [9581][1][DEBUG] setting cookie ck_login_language_20 to en_us
Mon Mar 31 00:08:26 2025 [9581][1][DEBUG] current_language is: en_us
Mon Mar 31 00:08:27 2025 [9581][1][INFO] Found language file: en_us.lang.php
Mon Mar 31 00:08:27 2025 [9581][1][INFO] Found extended language file: en_us.lang.ext.php
Mon Mar 31 00:08:27 2025 [9581][1][DEBUG] SuiteCRM\ModuleInstall\ExtensionManager::compileExtensionFiles() : Merging module files in custom/Extension/modules/<module>/Language to custom/modules/<module>/Language/en_us.lang.ext.php
Mon Mar 31 00:08:27 2025 [9581][1][DEBUG] Merging application files for en_us.lang.ext.php in Language
Mon Mar 31 00:08:27 2025 [9581][1][DEBUG] rebuilding cache for Alerts
Mon Mar 31 00:08:27 2025 [9581][1][INFO] Query:SELECT * FROM fields_meta_data WHERE  custom_module='Alerts' AND  deleted = 0
Mon Mar 31 00:08:27 2025 [9581][1][INFO] Query Execution Time:0.00039505958557129
Mon Mar 31 00:08:27 2025 [9581][1][DEBUG] Performing action: action_get MODULE: Alerts
Mon Mar 31 00:08:27 2025 [9581][1][DEBUG] get_full_list:  order_by = 'alerts.date_entered' and where = 'alerts.assigned_user_id = '1' AND is_read != '1''
Mon Mar 31 00:08:27 2025 [9581][1][DEBUG] Hook called: Alerts::before_acl_query
Mon Mar 31 00:08:27 2025 [9581][1][DEBUG] SugarBean[Alert].load_relationships, Loading relationship (modified_user_link).
Mon Mar 31 00:08:27 2025 [9581][1][DEBUG] SugarBean[Alert].load_relationships, Loading relationship (created_by_link).
Mon Mar 31 00:08:27 2025 [9581][1][DEBUG] SugarBean[Alert].load_relationships, Loading relationship (assigned_user_link).
Mon Mar 31 00:08:27 2025 [9581][1][DEBUG] process_order_by: (alerts.date_entered) does not have a vardef entry.
Mon Mar 31 00:08:27 2025 [9581][1][DEBUG] process_full_list_query: query is  SELECT  alerts.*  , jt0.user_name modified_by_name , jt0.created_by modified_by_name_owner  , 'Users' modified_by_name_mod , jt1.user_name created_by_name , jt1.created_by created_by_name_owner  , 'Users' created_by_name_mod , jt2.user_name assigned_user_name , jt2.created_by assigned_user_name_owner  , 'Users' assigned_user_name_mod FROM alerts   LEFT JOIN  users jt0 ON alerts.modified_user_id=jt0.id AND jt0.deleted=0

 AND jt0.deleted=0  LEFT JOIN  users jt1 ON alerts.created_by=jt1.id AND jt1.deleted=0

 AND jt1.deleted=0  LEFT JOIN  users jt2 ON alerts.assigned_user_id=jt2.id AND jt2.deleted=0

 AND jt2.deleted=0 where (alerts.assigned_user_id = '1' AND is_read != '1') AND alerts.deleted=0
Mon Mar 31 00:08:27 2025 [9581][1][INFO] Query: SELECT  alerts.*  , jt0.user_name modified_by_name , jt0.created_by modified_by_name_owner  , 'Users' modified_by_name_mod , jt1.user_name created_by_name , jt1.created_by created_by_name_owner  , 'Users' created_by_name_mod , jt2.user_name assigned_user_name , jt2.created_by assigned_user_name_owner  , 'Users' assigned_user_name_mod FROM alerts   LEFT JOIN  users jt0 ON alerts.modified_user_id=jt0.id AND jt0.deleted=0

 AND jt0.deleted=0  LEFT JOIN  users jt1 ON alerts.created_by=jt1.id AND jt1.deleted=0

 AND jt1.deleted=0  LEFT JOIN  users jt2 ON alerts.assigned_user_id=jt2.id AND jt2.deleted=0

 AND jt2.deleted=0 where (alerts.assigned_user_id = '1' AND is_read != '1') AND alerts.deleted=0
Mon Mar 31 00:08:27 2025 [9581][1][INFO] Query Execution Time:0.00046801567077637
Mon Mar 31 00:08:27 2025 [9581][1][DEBUG] process_full_list_query: result is mysqli_result Object
(
    [current_field] => 0
    [field_count] => 23
    [lengths] => 
    [num_rows] => 0
    [type] => 0
)

Mon Mar 31 00:08:27 2025 [9581][1][DEPRECATED] Array
(
)

Mon Mar 31 00:08:27 2025 [9581][1][DEBUG] Hook called: ::server_round_trip
Mon Mar 31 00:08:27 2025 [9581][1][DEBUG] Calling MySQLi::disconnect()
Mon Mar 31 00:08:51 2025 [11570][-none-][DEBUG] current_language is: en_us
Mon Mar 31 00:08:51 2025 [11570][-none-][DEBUG] Found cache backend SugarCacheAPC
Mon Mar 31 00:08:51 2025 [11570][-none-][DEBUG] Found cache backend SugarCacheFile
Mon Mar 31 00:08:51 2025 [11570][-none-][DEBUG] Found cache backend SugarCacheMemcache
Mon Mar 31 00:08:51 2025 [11570][-none-][DEBUG] Found cache backend SugarCacheMemcached
Mon Mar 31 00:08:51 2025 [11570][-none-][DEBUG] Found cache backend SugarCacheMemory
Mon Mar 31 00:08:51 2025 [11570][-none-][DEBUG] Using cache backend SugarCacheMemory, since 999 is less than 1000
Mon Mar 31 00:08:51 2025 [11570][-none-][DEBUG] Found cache backend SugarCacheRedis
Mon Mar 31 00:08:51 2025 [11570][-none-][DEBUG] Found cache backend SugarCachesMash
Mon Mar 31 00:08:51 2025 [11570][-none-][DEBUG] Found cache backend SugarCacheWincache
Mon Mar 31 00:08:51 2025 [11570][-none-][DEBUG] Found cache backend SugarCacheZend
Mon Mar 31 00:08:51 2025 [11570][-none-][INFO] Found language file: en_us.lang.php
Mon Mar 31 00:08:51 2025 [11570][-none-][INFO] Found extended language file: en_us.lang.ext.php
Mon Mar 31 00:08:51 2025 [11570][-none-][WARN] Configuration variable date.timezone is not set, guessed timezone UTC. Please set date.timezone="UTC" in php.ini!
Mon Mar 31 00:08:51 2025 [11570][-none-][INFO] Query:SELECT id, name, symbol, conversion_rate FROM currencies WHERE status = 'Active' and deleted = 0
Mon Mar 31 00:08:51 2025 [11570][-none-][INFO] Query Execution Time:0.00045299530029297
Mon Mar 31 00:08:51 2025 [11570][-none-][DEBUG] rebuilding cache for Users
Mon Mar 31 00:08:51 2025 [11570][-none-][INFO] Query:SELECT * FROM fields_meta_data WHERE  custom_module='Users' AND  deleted = 0
Mon Mar 31 00:08:51 2025 [11570][-none-][INFO] Query Execution Time:0.00045394897460938
Mon Mar 31 00:08:52 2025 [11570][-none-][DEBUG] rebuilding cache for Employees
Mon Mar 31 00:08:52 2025 [11570][-none-][INFO] Query:SELECT * FROM fields_meta_data WHERE  custom_module='Employees' AND  deleted = 0
Mon Mar 31 00:08:52 2025 [11570][-none-][INFO] Query Execution Time:0.00041985511779785
Mon Mar 31 00:08:52 2025 [11570][-none-][DEBUG] rebuilding cache for EmailAddresses
Mon Mar 31 00:08:52 2025 [11570][-none-][INFO] Query:SELECT * FROM fields_meta_data WHERE  custom_module='EmailAddresses' AND  deleted = 0
Mon Mar 31 00:08:52 2025 [11570][-none-][INFO] Query Execution Time:0.00035881996154785
Mon Mar 31 00:08:52 2025 [11570][-none-][DEBUG] rebuilding cache for UserPreferences
Mon Mar 31 00:08:52 2025 [11570][-none-][INFO] Query:SELECT * FROM fields_meta_data WHERE  custom_module='UserPreferences' AND  deleted = 0
Mon Mar 31 00:08:52 2025 [11570][-none-][INFO] Query Execution Time:0.00044894218444824
Mon Mar 31 00:08:52 2025 [11570][-none-][DEBUG] rebuilding cache for Administration
Mon Mar 31 00:08:52 2025 [11570][-none-][INFO] Query:SELECT * FROM fields_meta_data WHERE  custom_module='Administration' AND  deleted = 0
Mon Mar 31 00:08:52 2025 [11570][-none-][INFO] Query Execution Time:0.00040888786315918
Mon Mar 31 00:08:52 2025 [11570][-none-][INFO] Query:SELECT category, name, value FROM config
Mon Mar 31 00:08:52 2025 [11570][-none-][INFO] Query Execution Time:0.00030398368835449
Mon Mar 31 00:08:52 2025 [11570][-none-][INFO] Query:SELECT id FROM outbound_email WHERE type = 'system' AND deleted = 0
Mon Mar 31 00:08:52 2025 [11570][-none-][INFO] Query Execution Time:0.00026392936706543
Mon Mar 31 00:08:52 2025 [11570][-none-][INFO] Query:SELECT * FROM outbound_email WHERE id = '9f511e14-b421-834c-19d7-67e81d8d1ac8'
Mon Mar 31 00:08:52 2025 [11570][-none-][INFO] Query Execution Time:0.0003058910369873
Mon Mar 31 00:08:52 2025 [11570][-none-][DEBUG] Hook called: ::after_entry_point
Mon Mar 31 00:08:52 2025 [11570][-none-][DEBUG] Including module specific hook file for custom/modules
Mon Mar 31 00:08:52 2025 [11570][-none-][DEBUG] Including Ext hook file for custom/application
Mon Mar 31 00:08:52 2025 [11570][-none-][DEBUG] Hook called: ::after_session_start
Mon Mar 31 00:08:52 2025 [11570][-none-][DEBUG] Unable to find SugarController:: DetailView
Mon Mar 31 00:08:52 2025 [11570][-none-][DEBUG] We have an authenticated user id: 1
Mon Mar 31 00:08:52 2025 [11570][-none-][DEBUG] Hook called: Users::before_retrieve
Mon Mar 31 00:08:52 2025 [11570][-none-][DEBUG] Including module specific hook file for custom/modules/Users
Mon Mar 31 00:08:52 2025 [11570][-none-][DEBUG] Retrieve User : SELECT users.* FROM users  WHERE users.id = '1' AND users.deleted=0
Mon Mar 31 00:08:52 2025 [11570][-none-][DEBUG] Limit Query:SELECT users.* FROM users  WHERE users.id = '1' AND users.deleted=0 Start: 0 count: 1
Mon Mar 31 00:08:52 2025 [11570][-none-][INFO] Query:SELECT users.* FROM users  WHERE users.id = '1' AND users.deleted=0 LIMIT 0,1
Mon Mar 31 00:08:52 2025 [11570][-none-][INFO] Query Execution Time:0.00041294097900391
Mon Mar 31 00:08:52 2025 [11570][1][DEBUG] get_user_array query: SELECT id, first_name, last_name, user_name FROM users WHERE 1=1 ORDER BY first_name, last_name ASC
Mon Mar 31 00:08:52 2025 [11570][1][INFO] Query:SELECT id, first_name, last_name, user_name FROM users WHERE 1=1 ORDER BY first_name, last_name ASC
Mon Mar 31 00:08:52 2025 [11570][1][INFO] Query Execution Time:0.00036787986755371
Mon Mar 31 00:08:52 2025 [11570][1][INFO] Query:SELECT u1.first_name, u1.last_name from users  u1, users  u2 where u1.id = u2.reports_to_id AND u2.id = '1' and u1.deleted=0
Mon Mar 31 00:08:52 2025 [11570][1][INFO] Query Execution Time:0.00029492378234863
Mon Mar 31 00:08:52 2025 [11570][1][DEBUG] SugarBean[User].load_relationships, Loading relationship (reports_to_link).
Mon Mar 31 00:08:52 2025 [11570][1][INFO] Query:SELECT 
                    ea.email_address,
                    ea.email_address_caps,
                    ea.invalid_email,
                    ea.opt_out,
                    ea.confirm_opt_in,
                    ea.date_created,
                    ea.date_modified,
                    ear.id,
                    ear.email_address_id,
                    ear.bean_id,
                    ear.bean_module,
                    ear.primary_address,
                    ear.reply_to_address,
                    ear.deleted
                FROM email_addresses ea LEFT JOIN email_addr_bean_rel ear ON ea.id = ear.email_address_id
                WHERE 
                    ear.bean_module = 'Users'
                    AND ear.bean_id = '1'
                    AND ear.deleted = 0
                ORDER BY ear.reply_to_address, ear.primary_address DESC
Mon Mar 31 00:08:52 2025 [11570][1][INFO] Query Execution Time:0.00046205520629883
Mon Mar 31 00:08:52 2025 [11570][1][DEBUG] Hook called: Users::after_retrieve
Mon Mar 31 00:08:52 2025 [11570][1][DEBUG] FACTOR AUTH: -------------------------------------------------------------
Mon Mar 31 00:08:52 2025 [11570][1][DEBUG] FACTOR AUTH: --------------------- CHECK FACTOR AUtH ---------------------
Mon Mar 31 00:08:52 2025 [11570][1][DEBUG] FACTOR AUTH: -------------------------------------------------------------
Mon Mar 31 00:08:52 2025 [11570][1][DEBUG] FACTOR AUTH: User needs factor auth, request is not Logout
Mon Mar 31 00:08:52 2025 [11570][1][DEBUG] FACTOR AUTH: User does`nt need factor auth
Mon Mar 31 00:08:52 2025 [11570][1][DEBUG] Current user is: admin
Mon Mar 31 00:08:52 2025 [11570][1][DEBUG] Current user is: admin
Mon Mar 31 00:08:52 2025 [11570][1][DEBUG] setting cookie ck_login_id_20 to 1
Mon Mar 31 00:08:52 2025 [11570][1][DEBUG] setting cookie ck_login_language_20 to en_us
Mon Mar 31 00:08:52 2025 [11570][1][DEBUG] current_language is: en_us
Mon Mar 31 00:08:52 2025 [11570][1][INFO] Found language file: en_us.lang.php
Mon Mar 31 00:08:52 2025 [11570][1][INFO] Found extended language file: en_us.lang.ext.php
Mon Mar 31 00:08:52 2025 [11570][1][DEBUG] SuiteCRM\ModuleInstall\ExtensionManager::compileExtensionFiles() : Merging module files in custom/Extension/modules/<module>/Language to custom/modules/<module>/Language/en_us.lang.ext.php
Mon Mar 31 00:08:53 2025 [11570][1][DEBUG] Merging application files for en_us.lang.ext.php in Language
Mon Mar 31 00:08:53 2025 [11570][1][DEBUG] rebuilding cache for TEST_PhoneNumbers
Mon Mar 31 00:08:53 2025 [11570][1][INFO] Query:SELECT * FROM fields_meta_data WHERE  custom_module='TEST_PhoneNumbers' AND  deleted = 0
Mon Mar 31 00:08:53 2025 [11570][1][INFO] Query Execution Time:0.00046110153198242
Mon Mar 31 00:08:53 2025 [11570][1][DEBUG] Hook called: TEST_PhoneNumbers::before_retrieve
Mon Mar 31 00:08:53 2025 [11570][1][DEBUG] Retrieve TEST_PhoneNumbers : SELECT test_phonenumbers.* FROM test_phonenumbers  WHERE test_phonenumbers.id = 'ac95186a-26bd-5663-b402-67e836487e62' AND test_phonenumbers.deleted=0
Mon Mar 31 00:08:53 2025 [11570][1][DEBUG] Limit Query:SELECT test_phonenumbers.* FROM test_phonenumbers  WHERE test_phonenumbers.id = 'ac95186a-26bd-5663-b402-67e836487e62' AND test_phonenumbers.deleted=0 Start: 0 count: 1
Mon Mar 31 00:08:53 2025 [11570][1][INFO] Query:SELECT test_phonenumbers.* FROM test_phonenumbers  WHERE test_phonenumbers.id = 'ac95186a-26bd-5663-b402-67e836487e62' AND test_phonenumbers.deleted=0 LIMIT 0,1
Mon Mar 31 00:08:53 2025 [11570][1][INFO] Query Execution Time:0.0004270076751709
Mon Mar 31 00:08:53 2025 [11570][1][DEBUG] SugarBean[TEST_PhoneNumbers].load_relationships, Loading relationship (assigned_user_id).
Mon Mar 31 00:08:53 2025 [11570][1][DEBUG] SugarBean.load_relationships, failed Loading relationship (assigned_user_id)
Mon Mar 31 00:08:53 2025 [11570][1][DEBUG] SugarBean[TEST_PhoneNumbers].load_relationships, Loading relationship (assigned_user_id).
Mon Mar 31 00:08:53 2025 [11570][1][DEBUG] SugarBean.load_relationships, failed Loading relationship (assigned_user_id)
Mon Mar 31 00:08:53 2025 [11570][1][DEBUG] Hook called: TEST_PhoneNumbers::after_retrieve
Mon Mar 31 00:08:53 2025 [11570][1][DEBUG] Using Action View Map:detail
Mon Mar 31 00:08:53 2025 [11570][1][DEPRECATED] Array
(
)

Mon Mar 31 00:08:53 2025 [11570][1][INFO] Query:INSERT INTO tracker (monitor_id,user_id,module_name,item_id,item_summary,date_modified,action,session_id,visible ) VALUES ( 'a33505ce-4c0f-3d9f-f407-67e9dda9d7a9','1','TEST_PhoneNumbers','ac95186a-26bd-5663-b402-67e836487e62','+791287287','2025-03-31 00:08:51','detailview','2c9bac6fde3c59e23c83b2a76a772233','1')
Mon Mar 31 00:08:53 2025 [11570][1][INFO] Query Execution Time:0.063292980194092
Mon Mar 31 00:08:53 2025 [11570][1][WARN] CSS File Dawn/yui.css not found
Mon Mar 31 00:08:54 2025 [11570][1][DEBUG] SuiteCRM\ModuleInstall\ExtensionManager::compileExtensionFiles() : Merging module files in custom/Extension/modules/<module>/Language to custom/modules/<module>/Language/en_us.lang.ext.php
Mon Mar 31 00:08:54 2025 [11570][1][DEBUG] Merging application files for en_us.lang.ext.php in Language
Mon Mar 31 00:08:54 2025 [11570][1][DEBUG] rebuilding cache for Favorites
Mon Mar 31 00:08:54 2025 [11570][1][INFO] Query:SELECT * FROM fields_meta_data WHERE  custom_module='Favorites' AND  deleted = 0
Mon Mar 31 00:08:54 2025 [11570][1][INFO] Query Execution Time:0.00048303604125977
Mon Mar 31 00:08:54 2025 [11570][1][INFO] Query:SELECT parent_id, parent_type FROM favorites WHERE assigned_user_id = '1' AND deleted = 0 ORDER BY date_entered DESC
Mon Mar 31 00:08:54 2025 [11570][1][INFO] Query Execution Time:0.0004570484161377
Mon Mar 31 00:08:54 2025 [11570][1][DEBUG] rebuilding cache for Trackers
Mon Mar 31 00:08:54 2025 [11570][1][INFO] Query:SELECT * FROM fields_meta_data WHERE  custom_module='Trackers' AND  deleted = 0
Mon Mar 31 00:08:54 2025 [11570][1][INFO] Query Execution Time:0.00037908554077148
Mon Mar 31 00:08:54 2025 [11570][1][DEBUG] Limit Query:SELECT item_id, item_summary, module_name, id FROM tracker WHERE id = (SELECT MAX(id) as id FROM tracker WHERE user_id = '1' AND deleted = 0 AND visible = 1) Start: 0 count: 50
Mon Mar 31 00:08:54 2025 [11570][1][INFO] Query:SELECT item_id, item_summary, module_name, id FROM tracker WHERE id = (SELECT MAX(id) as id FROM tracker WHERE user_id = '1' AND deleted = 0 AND visible = 1) LIMIT 0,50
Mon Mar 31 00:08:54 2025 [11570][1][INFO] Query Execution Time:0.047661066055298
Mon Mar 31 00:08:54 2025 [11570][1][INFO] Query:DELETE FROM tracker where id = '42'
Mon Mar 31 00:08:55 2025 [11570][1][INFO] Query Execution Time:0.24895191192627
Mon Mar 31 00:08:55 2025 [11570][1][INFO] Tracker: retrieving 3 items
Mon Mar 31 00:08:55 2025 [11570][1][DEBUG] SuiteCRM\ModuleInstall\ExtensionManager::compileExtensionFiles() : Merging module files in custom/Extension/modules/<module>/Language to custom/modules/<module>/Language/en_us.lang.ext.php
Mon Mar 31 00:08:56 2025 [11570][1][DEBUG] Merging application files for en_us.lang.ext.php in Language
Mon Mar 31 00:08:56 2025 [11570][1][DEBUG] rebuilding cache for Emails
Mon Mar 31 00:08:56 2025 [11570][1][INFO] Query:SELECT * FROM fields_meta_data WHERE  custom_module='Emails' AND  deleted = 0
Mon Mar 31 00:08:56 2025 [11570][1][INFO] Query Execution Time:0.00038003921508789
Mon Mar 31 00:08:57 2025 [11570][1][DEBUG] Hook called: TEST_PhoneNumbers::before_retrieve
Mon Mar 31 00:08:57 2025 [11570][1][DEBUG] Retrieve TEST_PhoneNumbers : SELECT test_phonenumbers.* FROM test_phonenumbers  WHERE test_phonenumbers.id = 'ac95186a-26bd-5663-b402-67e836487e62' AND test_phonenumbers.deleted=0
Mon Mar 31 00:08:57 2025 [11570][1][DEBUG] Limit Query:SELECT test_phonenumbers.* FROM test_phonenumbers  WHERE test_phonenumbers.id = 'ac95186a-26bd-5663-b402-67e836487e62' AND test_phonenumbers.deleted=0 Start: 0 count: 1
Mon Mar 31 00:08:57 2025 [11570][1][INFO] Query:SELECT test_phonenumbers.* FROM test_phonenumbers  WHERE test_phonenumbers.id = 'ac95186a-26bd-5663-b402-67e836487e62' AND test_phonenumbers.deleted=0 LIMIT 0,1
Mon Mar 31 00:08:57 2025 [11570][1][INFO] Query Execution Time:0.00037813186645508
Mon Mar 31 00:08:57 2025 [11570][1][DEBUG] SugarBean[TEST_PhoneNumbers].load_relationships, Loading relationship (assigned_user_id).
Mon Mar 31 00:08:57 2025 [11570][1][DEBUG] SugarBean.load_relationships, failed Loading relationship (assigned_user_id)
Mon Mar 31 00:08:57 2025 [11570][1][DEBUG] SugarBean[TEST_PhoneNumbers].load_relationships, Loading relationship (assigned_user_id).
Mon Mar 31 00:08:57 2025 [11570][1][DEBUG] SugarBean.load_relationships, failed Loading relationship (assigned_user_id)
Mon Mar 31 00:08:57 2025 [11570][1][DEBUG] Hook called: TEST_PhoneNumbers::after_retrieve
Mon Mar 31 00:08:57 2025 [11570][1][DEBUG] Hook called: TEST_PhoneNumbers::before_retrieve
Mon Mar 31 00:08:57 2025 [11570][1][DEBUG] Retrieve TEST_PhoneNumbers : SELECT test_phonenumbers.* FROM test_phonenumbers  WHERE test_phonenumbers.id = '940a4212-b322-88a4-4287-67e99bcb014f' AND test_phonenumbers.deleted=0
Mon Mar 31 00:08:57 2025 [11570][1][DEBUG] Limit Query:SELECT test_phonenumbers.* FROM test_phonenumbers  WHERE test_phonenumbers.id = '940a4212-b322-88a4-4287-67e99bcb014f' AND test_phonenumbers.deleted=0 Start: 0 count: 1
Mon Mar 31 00:08:57 2025 [11570][1][INFO] Query:SELECT test_phonenumbers.* FROM test_phonenumbers  WHERE test_phonenumbers.id = '940a4212-b322-88a4-4287-67e99bcb014f' AND test_phonenumbers.deleted=0 LIMIT 0,1
Mon Mar 31 00:08:57 2025 [11570][1][INFO] Query Execution Time:0.00038814544677734
Mon Mar 31 00:08:57 2025 [11570][1][DEBUG] SugarBean[TEST_PhoneNumbers].load_relationships, Loading relationship (assigned_user_id).
Mon Mar 31 00:08:57 2025 [11570][1][DEBUG] SugarBean.load_relationships, failed Loading relationship (assigned_user_id)
Mon Mar 31 00:08:57 2025 [11570][1][DEBUG] SugarBean[TEST_PhoneNumbers].load_relationships, Loading relationship (assigned_user_id).
Mon Mar 31 00:08:57 2025 [11570][1][DEBUG] SugarBean.load_relationships, failed Loading relationship (assigned_user_id)
Mon Mar 31 00:08:57 2025 [11570][1][DEBUG] Hook called: TEST_PhoneNumbers::after_retrieve
Mon Mar 31 00:08:57 2025 [11570][1][DEBUG] Hook called: TEST_PhoneNumbers::before_retrieve
Mon Mar 31 00:08:57 2025 [11570][1][DEBUG] Retrieve TEST_PhoneNumbers : SELECT test_phonenumbers.* FROM test_phonenumbers  WHERE test_phonenumbers.id = '7c1a86eb-5a0c-332b-8085-67e8264fa4b5' AND test_phonenumbers.deleted=0
Mon Mar 31 00:08:57 2025 [11570][1][DEBUG] Limit Query:SELECT test_phonenumbers.* FROM test_phonenumbers  WHERE test_phonenumbers.id = '7c1a86eb-5a0c-332b-8085-67e8264fa4b5' AND test_phonenumbers.deleted=0 Start: 0 count: 1
Mon Mar 31 00:08:57 2025 [11570][1][INFO] Query:SELECT test_phonenumbers.* FROM test_phonenumbers  WHERE test_phonenumbers.id = '7c1a86eb-5a0c-332b-8085-67e8264fa4b5' AND test_phonenumbers.deleted=0 LIMIT 0,1
Mon Mar 31 00:08:57 2025 [11570][1][INFO] Query Execution Time:0.00033903121948242
Mon Mar 31 00:08:57 2025 [11570][1][DEBUG] Hook called: TEST_PhoneNumbers::before_retrieve
Mon Mar 31 00:08:57 2025 [11570][1][DEBUG] Retrieve TEST_PhoneNumbers : SELECT test_phonenumbers.* FROM test_phonenumbers  WHERE test_phonenumbers.id = '7c1a86eb-5a0c-332b-8085-67e8264fa4b5' AND test_phonenumbers.deleted=0
Mon Mar 31 00:08:57 2025 [11570][1][DEBUG] Limit Query:SELECT test_phonenumbers.* FROM test_phonenumbers  WHERE test_phonenumbers.id = '7c1a86eb-5a0c-332b-8085-67e8264fa4b5' AND test_phonenumbers.deleted=0 Start: 0 count: 1
Mon Mar 31 00:08:57 2025 [11570][1][INFO] Query:SELECT test_phonenumbers.* FROM test_phonenumbers  WHERE test_phonenumbers.id = '7c1a86eb-5a0c-332b-8085-67e8264fa4b5' AND test_phonenumbers.deleted=0 LIMIT 0,1
Mon Mar 31 00:08:57 2025 [11570][1][INFO] Query Execution Time:0.00039315223693848
Mon Mar 31 00:08:57 2025 [11570][1][DEBUG] Hook called: TEST_PhoneNumbers::before_retrieve
Mon Mar 31 00:08:57 2025 [11570][1][DEBUG] Retrieve TEST_PhoneNumbers : SELECT test_phonenumbers.* FROM test_phonenumbers  WHERE test_phonenumbers.id = '7c1a86eb-5a0c-332b-8085-67e8264fa4b5' AND test_phonenumbers.deleted=0
Mon Mar 31 00:08:57 2025 [11570][1][DEBUG] Limit Query:SELECT test_phonenumbers.* FROM test_phonenumbers  WHERE test_phonenumbers.id = '7c1a86eb-5a0c-332b-8085-67e8264fa4b5' AND test_phonenumbers.deleted=0 Start: 0 count: 1
Mon Mar 31 00:08:57 2025 [11570][1][INFO] Query:SELECT test_phonenumbers.* FROM test_phonenumbers  WHERE test_phonenumbers.id = '7c1a86eb-5a0c-332b-8085-67e8264fa4b5' AND test_phonenumbers.deleted=0 LIMIT 0,1
Mon Mar 31 00:08:57 2025 [11570][1][INFO] Query Execution Time:0.00034999847412109
Mon Mar 31 00:08:57 2025 [11570][1][DEBUG] metadatafile=modules/TEST_PhoneNumbers/metadata/detailviewdefs.php
Mon Mar 31 00:08:57 2025 [11570][1][DEBUG] SUGARVCR is recording more records
Mon Mar 31 00:08:57 2025 [11570][1][DEBUG] Limit Query: SELECT  test_phonenumbers.id , test_phonenumbers.phone_number , test_phonenumbers.assigned_user_id  FROM test_phonenumbers  where test_phonenumbers.deleted=0 ORDER BY test_phonenumbers.phone_number ASC Start: 0 count: 51
Mon Mar 31 00:08:57 2025 [11570][1][INFO] Query: SELECT  test_phonenumbers.id , test_phonenumbers.phone_number , test_phonenumbers.assigned_user_id  FROM test_phonenumbers  where test_phonenumbers.deleted=0 ORDER BY test_phonenumbers.phone_number ASC LIMIT 0,51
Mon Mar 31 00:08:57 2025 [11570][1][INFO] Query Execution Time:0.00042104721069336
Mon Mar 31 00:09:00 2025 [11570][1][DEBUG] Hook called: TEST_PhoneNumbers::after_ui_frame
Mon Mar 31 00:09:00 2025 [11570][1][DEBUG] Creating new instance of hook class hooks without parameters
Mon Mar 31 00:09:00 2025 [11570][1][DEBUG] Creating new instance of hook class AssignGroups without parameters
Mon Mar 31 00:09:00 2025 [11570][1][INFO] Query:SELECT meetings.id, name,reminder_time, description,location, status, parent_type, parent_id, date_start, assigned_user_id
			FROM meetings LEFT JOIN meetings_users ON meetings.id = meetings_users.meeting_id
			WHERE meetings_users.user_id ='1'
				AND meetings_users.accept_status != 'decline'
				AND meetings.reminder_time != -1
				AND meetings_users.deleted != 1
				AND meetings.status = 'Planned'
			    AND date_start >= '2025-03-31 00:07:51'
			    AND date_start <= '2025-04-01 01:08:51'
Mon Mar 31 00:09:00 2025 [11570][1][INFO] Query Execution Time:0.00045895576477051
Mon Mar 31 00:09:00 2025 [11570][1][INFO] Query:
				SELECT calls.id, name, reminder_time, description, date_start, status, parent_type, parent_id
				FROM calls LEFT JOIN calls_users ON calls.id = calls_users.call_id
				WHERE calls_users.user_id ='1'
				    AND calls_users.accept_status != 'decline'
				    AND calls.reminder_time != -1
					AND calls_users.deleted != 1
					AND calls.status = 'Planned'
				    AND date_start >= '2025-03-31 00:07:51'
				    AND date_start <= '2025-04-01 01:08:51'
Mon Mar 31 00:09:00 2025 [11570][1][INFO] Query Execution Time:0.00027990341186523
Mon Mar 31 00:09:00 2025 [11570][1][DEBUG] SuiteCRM\ModuleInstall\ExtensionManager::compileExtensionFiles() : Merging module files in custom/Extension/modules/<module>/Language to custom/modules/<module>/Language/en_us.lang.ext.php
Mon Mar 31 00:09:01 2025 [11570][1][DEBUG] Merging application files for en_us.lang.ext.php in Language
Mon Mar 31 00:09:01 2025 [11570][1][DEBUG] rebuilding cache for Reminders
Mon Mar 31 00:09:01 2025 [11570][1][INFO] Query:SELECT * FROM fields_meta_data WHERE  custom_module='Reminders' AND  deleted = 0
Mon Mar 31 00:09:01 2025 [11570][1][INFO] Query Execution Time:0.00037598609924316
Mon Mar 31 00:09:01 2025 [11570][1][DEBUG] get_full_list:  order_by = '' and where = 'reminders.popup = 1 AND (reminders.date_willexecute = -1 OR reminders.date_willexecute BETWEEN 1743379731 AND 1743469731)'
Mon Mar 31 00:09:01 2025 [11570][1][DEBUG] Hook called: Reminders::before_acl_query
Mon Mar 31 00:09:01 2025 [11570][1][DEBUG] SugarBean[Reminder].load_relationships, Loading relationship (modified_user_link).
Mon Mar 31 00:09:01 2025 [11570][1][DEBUG] SugarBean[Reminder].load_relationships, Loading relationship (created_by_link).
Mon Mar 31 00:09:01 2025 [11570][1][DEBUG] SugarBean[Reminder].load_relationships, Loading relationship (assigned_user_link).
Mon Mar 31 00:09:01 2025 [11570][1][DEBUG] process_full_list_query: query is  SELECT  reminders.*  , jt0.user_name modified_by_name , jt0.created_by modified_by_name_owner  , 'Users' modified_by_name_mod , jt1.user_name created_by_name , jt1.created_by created_by_name_owner  , 'Users' created_by_name_mod , jt2.user_name assigned_user_name , jt2.created_by assigned_user_name_owner  , 'Users' assigned_user_name_mod FROM reminders   LEFT JOIN  users jt0 ON reminders.modified_user_id=jt0.id AND jt0.deleted=0

 AND jt0.deleted=0  LEFT JOIN  users jt1 ON reminders.created_by=jt1.id AND jt1.deleted=0

 AND jt1.deleted=0  LEFT JOIN  users jt2 ON reminders.assigned_user_id=jt2.id AND jt2.deleted=0

 AND jt2.deleted=0 where (reminders.popup = 1 AND (reminders.date_willexecute = -1 OR reminders.date_willexecute BETWEEN 1743379731 AND 1743469731)) AND reminders.deleted=0
Mon Mar 31 00:09:01 2025 [11570][1][INFO] Query: SELECT  reminders.*  , jt0.user_name modified_by_name , jt0.created_by modified_by_name_owner  , 'Users' modified_by_name_mod , jt1.user_name created_by_name , jt1.created_by created_by_name_owner  , 'Users' created_by_name_mod , jt2.user_name assigned_user_name , jt2.created_by assigned_user_name_owner  , 'Users' assigned_user_name_mod FROM reminders   LEFT JOIN  users jt0 ON reminders.modified_user_id=jt0.id AND jt0.deleted=0

 AND jt0.deleted=0  LEFT JOIN  users jt1 ON reminders.created_by=jt1.id AND jt1.deleted=0

 AND jt1.deleted=0  LEFT JOIN  users jt2 ON reminders.assigned_user_id=jt2.id AND jt2.deleted=0

 AND jt2.deleted=0 where (reminders.popup = 1 AND (reminders.date_willexecute = -1 OR reminders.date_willexecute BETWEEN 1743379731 AND 1743469731)) AND reminders.deleted=0
Mon Mar 31 00:09:01 2025 [11570][1][INFO] Query Execution Time:0.00099396705627441
Mon Mar 31 00:09:01 2025 [11570][1][DEBUG] process_full_list_query: result is mysqli_result Object
(
    [current_field] => 0
    [field_count] => 27
    [lengths] => 
    [num_rows] => 0
    [type] => 0
)

Mon Mar 31 00:09:01 2025 [11570][1][DEBUG] SuiteCRM\ModuleInstall\ExtensionManager::compileExtensionFiles() : Merging module files in custom/Extension/modules/<module>/Language to custom/modules/<module>/Language/en_us.lang.ext.php
Mon Mar 31 00:09:02 2025 [11570][1][DEBUG] Merging application files for en_us.lang.ext.php in Language
Mon Mar 31 00:09:02 2025 [11570][1][DEBUG] rebuilding cache for SecurityGroups
Mon Mar 31 00:09:02 2025 [11570][1][INFO] Query:SELECT * FROM fields_meta_data WHERE  custom_module='SecurityGroups' AND  deleted = 0
Mon Mar 31 00:09:02 2025 [11570][1][INFO] Query Execution Time:0.00038313865661621
Mon Mar 31 00:09:02 2025 [11570][1][DEBUG] SubPanelDefinitions->get_available_tabs(): securitygroups= not exempt  ACL OK
Mon Mar 31 00:09:02 2025 [11570][1][DEBUG] rebuilding cache for Relationships
Mon Mar 31 00:09:02 2025 [11570][1][INFO] Query:SELECT * FROM fields_meta_data WHERE  custom_module='Relationships' AND  deleted = 0
Mon Mar 31 00:09:02 2025 [11570][1][INFO] Query Execution Time:0.00040292739868164
Mon Mar 31 00:09:02 2025 [11570][1][INFO] Subpanel Where Clause: 
Mon Mar 31 00:09:02 2025 [11570][1][DEBUG] Hook called: ::after_ui_footer
Mon Mar 31 00:09:02 2025 [11570][1][DEBUG] Creating new instance of hook class AssignGroups without parameters
Mon Mar 31 00:09:02 2025 [11570][1][DEBUG] Hook called: ::server_round_trip
Mon Mar 31 00:09:02 2025 [11570][1][DEBUG] Calling MySQLi::disconnect()
Mon Mar 31 00:09:06 2025 [9581][-none-][DEBUG] current_language is: en_us
Mon Mar 31 00:09:07 2025 [9581][-none-][DEBUG] Found cache backend SugarCacheAPC
Mon Mar 31 00:09:07 2025 [9581][-none-][DEBUG] Found cache backend SugarCacheFile
Mon Mar 31 00:09:07 2025 [9581][-none-][DEBUG] Found cache backend SugarCacheMemcache
Mon Mar 31 00:09:07 2025 [9581][-none-][DEBUG] Found cache backend SugarCacheMemcached
Mon Mar 31 00:09:07 2025 [9581][-none-][DEBUG] Found cache backend SugarCacheMemory
Mon Mar 31 00:09:07 2025 [9581][-none-][DEBUG] Using cache backend SugarCacheMemory, since 999 is less than 1000
Mon Mar 31 00:09:07 2025 [9581][-none-][DEBUG] Found cache backend SugarCacheRedis
Mon Mar 31 00:09:07 2025 [9581][-none-][DEBUG] Found cache backend SugarCachesMash
Mon Mar 31 00:09:07 2025 [9581][-none-][DEBUG] Found cache backend SugarCacheWincache
Mon Mar 31 00:09:07 2025 [9581][-none-][DEBUG] Found cache backend SugarCacheZend
Mon Mar 31 00:09:07 2025 [9581][-none-][INFO] Found language file: en_us.lang.php
Mon Mar 31 00:09:07 2025 [9581][-none-][INFO] Found extended language file: en_us.lang.ext.php
Mon Mar 31 00:09:07 2025 [9581][-none-][WARN] Configuration variable date.timezone is not set, guessed timezone UTC. Please set date.timezone="UTC" in php.ini!
Mon Mar 31 00:09:07 2025 [9581][-none-][INFO] Query:SELECT id, name, symbol, conversion_rate FROM currencies WHERE status = 'Active' and deleted = 0
Mon Mar 31 00:09:07 2025 [9581][-none-][INFO] Query Execution Time:0.00034403800964355
Mon Mar 31 00:09:07 2025 [9581][-none-][DEBUG] rebuilding cache for Users
Mon Mar 31 00:09:07 2025 [9581][-none-][INFO] Query:SELECT * FROM fields_meta_data WHERE  custom_module='Users' AND  deleted = 0
Mon Mar 31 00:09:07 2025 [9581][-none-][INFO] Query Execution Time:0.00048995018005371
Mon Mar 31 00:09:07 2025 [9581][-none-][DEBUG] rebuilding cache for Employees
Mon Mar 31 00:09:07 2025 [9581][-none-][INFO] Query:SELECT * FROM fields_meta_data WHERE  custom_module='Employees' AND  deleted = 0
Mon Mar 31 00:09:07 2025 [9581][-none-][INFO] Query Execution Time:0.00038290023803711
Mon Mar 31 00:09:07 2025 [9581][-none-][DEBUG] rebuilding cache for EmailAddresses
Mon Mar 31 00:09:07 2025 [9581][-none-][INFO] Query:SELECT * FROM fields_meta_data WHERE  custom_module='EmailAddresses' AND  deleted = 0
Mon Mar 31 00:09:07 2025 [9581][-none-][INFO] Query Execution Time:0.00041890144348145
Mon Mar 31 00:09:07 2025 [9581][-none-][DEBUG] rebuilding cache for UserPreferences
Mon Mar 31 00:09:07 2025 [9581][-none-][INFO] Query:SELECT * FROM fields_meta_data WHERE  custom_module='UserPreferences' AND  deleted = 0
Mon Mar 31 00:09:07 2025 [9581][-none-][INFO] Query Execution Time:0.00060200691223145
Mon Mar 31 00:09:07 2025 [9581][-none-][DEBUG] rebuilding cache for Administration
Mon Mar 31 00:09:07 2025 [9581][-none-][INFO] Query:SELECT * FROM fields_meta_data WHERE  custom_module='Administration' AND  deleted = 0
Mon Mar 31 00:09:07 2025 [9581][-none-][INFO] Query Execution Time:0.00040483474731445
Mon Mar 31 00:09:07 2025 [9581][-none-][INFO] Query:SELECT category, name, value FROM config
Mon Mar 31 00:09:07 2025 [9581][-none-][INFO] Query Execution Time:0.00047397613525391
Mon Mar 31 00:09:07 2025 [9581][-none-][INFO] Query:SELECT id FROM outbound_email WHERE type = 'system' AND deleted = 0
Mon Mar 31 00:09:07 2025 [9581][-none-][INFO] Query Execution Time:0.00039410591125488
Mon Mar 31 00:09:07 2025 [9581][-none-][INFO] Query:SELECT * FROM outbound_email WHERE id = '9f511e14-b421-834c-19d7-67e81d8d1ac8'
Mon Mar 31 00:09:07 2025 [9581][-none-][INFO] Query Execution Time:0.00032496452331543
Mon Mar 31 00:09:07 2025 [9581][-none-][DEBUG] Hook called: ::after_entry_point
Mon Mar 31 00:09:07 2025 [9581][-none-][DEBUG] Including module specific hook file for custom/modules
Mon Mar 31 00:09:07 2025 [9581][-none-][DEBUG] Including Ext hook file for custom/application
Mon Mar 31 00:09:07 2025 [9581][-none-][DEBUG] Hook called: ::after_session_start
Mon Mar 31 00:09:07 2025 [9581][-none-][DEBUG] Unable to find SugarController:: check_favorite
Mon Mar 31 00:09:08 2025 [9581][-none-][DEBUG] We have an authenticated user id: 1
Mon Mar 31 00:09:08 2025 [9581][-none-][DEBUG] Hook called: Users::before_retrieve
Mon Mar 31 00:09:08 2025 [9581][-none-][DEBUG] Including module specific hook file for custom/modules/Users
Mon Mar 31 00:09:08 2025 [9581][-none-][DEBUG] Retrieve User : SELECT users.* FROM users  WHERE users.id = '1' AND users.deleted=0
Mon Mar 31 00:09:08 2025 [9581][-none-][DEBUG] Limit Query:SELECT users.* FROM users  WHERE users.id = '1' AND users.deleted=0 Start: 0 count: 1
Mon Mar 31 00:09:08 2025 [9581][-none-][INFO] Query:SELECT users.* FROM users  WHERE users.id = '1' AND users.deleted=0 LIMIT 0,1
Mon Mar 31 00:09:08 2025 [9581][-none-][INFO] Query Execution Time:0.00040602684020996
Mon Mar 31 00:09:08 2025 [9581][1][DEBUG] get_user_array query: SELECT id, first_name, last_name, user_name FROM users WHERE 1=1 ORDER BY first_name, last_name ASC
Mon Mar 31 00:09:08 2025 [9581][1][INFO] Query:SELECT id, first_name, last_name, user_name FROM users WHERE 1=1 ORDER BY first_name, last_name ASC
Mon Mar 31 00:09:08 2025 [9581][1][INFO] Query Execution Time:0.00028800964355469
Mon Mar 31 00:09:08 2025 [9581][1][INFO] Query:SELECT u1.first_name, u1.last_name from users  u1, users  u2 where u1.id = u2.reports_to_id AND u2.id = '1' and u1.deleted=0
Mon Mar 31 00:09:08 2025 [9581][1][INFO] Query Execution Time:0.00026607513427734
Mon Mar 31 00:09:08 2025 [9581][1][DEBUG] SugarBean[User].load_relationships, Loading relationship (reports_to_link).
Mon Mar 31 00:09:08 2025 [9581][1][INFO] Query:SELECT 
                    ea.email_address,
                    ea.email_address_caps,
                    ea.invalid_email,
                    ea.opt_out,
                    ea.confirm_opt_in,
                    ea.date_created,
                    ea.date_modified,
                    ear.id,
                    ear.email_address_id,
                    ear.bean_id,
                    ear.bean_module,
                    ear.primary_address,
                    ear.reply_to_address,
                    ear.deleted
                FROM email_addresses ea LEFT JOIN email_addr_bean_rel ear ON ea.id = ear.email_address_id
                WHERE 
                    ear.bean_module = 'Users'
                    AND ear.bean_id = '1'
                    AND ear.deleted = 0
                ORDER BY ear.reply_to_address, ear.primary_address DESC
Mon Mar 31 00:09:08 2025 [9581][1][INFO] Query Execution Time:0.00040817260742188
Mon Mar 31 00:09:08 2025 [9581][1][DEBUG] Hook called: Users::after_retrieve
Mon Mar 31 00:09:08 2025 [9581][1][DEBUG] FACTOR AUTH: -------------------------------------------------------------
Mon Mar 31 00:09:08 2025 [9581][1][DEBUG] FACTOR AUTH: --------------------- CHECK FACTOR AUtH ---------------------
Mon Mar 31 00:09:08 2025 [9581][1][DEBUG] FACTOR AUTH: -------------------------------------------------------------
Mon Mar 31 00:09:08 2025 [9581][1][DEBUG] FACTOR AUTH: User needs factor auth, request is not Logout
Mon Mar 31 00:09:08 2025 [9581][1][DEBUG] FACTOR AUTH: User does`nt need factor auth
Mon Mar 31 00:09:08 2025 [9581][1][DEBUG] Current user is: admin
Mon Mar 31 00:09:08 2025 [9581][1][DEBUG] Current user is: admin
Mon Mar 31 00:09:08 2025 [9581][1][DEBUG] setting cookie ck_login_id_20 to 1
Mon Mar 31 00:09:08 2025 [9581][1][DEBUG] setting cookie ck_login_language_20 to en_us
Mon Mar 31 00:09:08 2025 [9581][1][DEBUG] current_language is: en_us
Mon Mar 31 00:09:08 2025 [9581][1][INFO] Found language file: en_us.lang.php
Mon Mar 31 00:09:08 2025 [9581][1][INFO] Found extended language file: en_us.lang.ext.php
Mon Mar 31 00:09:08 2025 [9581][1][DEBUG] SuiteCRM\ModuleInstall\ExtensionManager::compileExtensionFiles() : Merging module files in custom/Extension/modules/<module>/Language to custom/modules/<module>/Language/en_us.lang.ext.php
Mon Mar 31 00:09:08 2025 [9581][1][DEBUG] Merging application files for en_us.lang.ext.php in Language
Mon Mar 31 00:09:08 2025 [9581][1][DEBUG] rebuilding cache for Favorites
Mon Mar 31 00:09:08 2025 [9581][1][INFO] Query:SELECT * FROM fields_meta_data WHERE  custom_module='Favorites' AND  deleted = 0
Mon Mar 31 00:09:08 2025 [9581][1][INFO] Query Execution Time:0.00035691261291504
Mon Mar 31 00:09:08 2025 [9581][1][DEBUG] Performing action: action_check_favorite MODULE: Favorites
Mon Mar 31 00:09:08 2025 [9581][1][INFO] Get One: |SELECT id FROM favorites WHERE parent_id= 'ac95186a-26bd-5663-b402-67e836487e62' AND parent_type = 'TEST_PhoneNumbers' AND assigned_user_id = '1' AND deleted = 0 ORDER BY date_entered DESC|
Mon Mar 31 00:09:08 2025 [9581][1][DEBUG] Limit Query:SELECT id FROM favorites WHERE parent_id= 'ac95186a-26bd-5663-b402-67e836487e62' AND parent_type = 'TEST_PhoneNumbers' AND assigned_user_id = '1' AND deleted = 0 ORDER BY date_entered DESC Start: 0 count: 1
Mon Mar 31 00:09:08 2025 [9581][1][INFO] Query:SELECT id FROM favorites WHERE parent_id= 'ac95186a-26bd-5663-b402-67e836487e62' AND parent_type = 'TEST_PhoneNumbers' AND assigned_user_id = '1' AND deleted = 0 ORDER BY date_entered DESC LIMIT 0,1
Mon Mar 31 00:09:08 2025 [9581][1][INFO] Query Execution Time:0.00044894218444824
Mon Mar 31 00:09:08 2025 [9581][1][DEPRECATED] Array
(
)

Mon Mar 31 00:09:08 2025 [9581][1][DEBUG] Hook called: Favorites::after_ui_frame
Mon Mar 31 00:09:08 2025 [9581][1][DEBUG] Creating new instance of hook class hooks without parameters
Mon Mar 31 00:09:08 2025 [9581][1][DEBUG] Creating new instance of hook class AssignGroups without parameters
Mon Mar 31 00:09:08 2025 [9581][1][DEBUG] Hook called: ::after_ui_footer
Mon Mar 31 00:09:08 2025 [9581][1][DEBUG] Creating new instance of hook class AssignGroups without parameters
Mon Mar 31 00:09:08 2025 [9581][1][DEBUG] Hook called: ::server_round_trip
Mon Mar 31 00:09:08 2025 [9581][1][DEBUG] Calling MySQLi::disconnect()
Mon Mar 31 00:09:13 2025 [11570][-none-][DEBUG] current_language is: en_us
Mon Mar 31 00:09:13 2025 [11570][-none-][DEBUG] Found cache backend SugarCacheAPC
Mon Mar 31 00:09:13 2025 [11570][-none-][DEBUG] Found cache backend SugarCacheFile
Mon Mar 31 00:09:13 2025 [11570][-none-][DEBUG] Found cache backend SugarCacheMemcache
Mon Mar 31 00:09:13 2025 [11570][-none-][DEBUG] Found cache backend SugarCacheMemcached
Mon Mar 31 00:09:13 2025 [11570][-none-][DEBUG] Found cache backend SugarCacheMemory
Mon Mar 31 00:09:13 2025 [11570][-none-][DEBUG] Using cache backend SugarCacheMemory, since 999 is less than 1000
Mon Mar 31 00:09:13 2025 [11570][-none-][DEBUG] Found cache backend SugarCacheRedis
Mon Mar 31 00:09:13 2025 [11570][-none-][DEBUG] Found cache backend SugarCachesMash
Mon Mar 31 00:09:13 2025 [11570][-none-][DEBUG] Found cache backend SugarCacheWincache
Mon Mar 31 00:09:13 2025 [11570][-none-][DEBUG] Found cache backend SugarCacheZend
Mon Mar 31 00:09:13 2025 [11570][-none-][INFO] Found language file: en_us.lang.php
Mon Mar 31 00:09:13 2025 [11570][-none-][INFO] Found extended language file: en_us.lang.ext.php
Mon Mar 31 00:09:13 2025 [11570][-none-][WARN] Configuration variable date.timezone is not set, guessed timezone UTC. Please set date.timezone="UTC" in php.ini!
Mon Mar 31 00:09:13 2025 [11570][-none-][INFO] Query:SELECT id, name, symbol, conversion_rate FROM currencies WHERE status = 'Active' and deleted = 0
Mon Mar 31 00:09:13 2025 [11570][-none-][INFO] Query Execution Time:0.00039505958557129
Mon Mar 31 00:09:13 2025 [11570][-none-][DEBUG] rebuilding cache for Users
Mon Mar 31 00:09:13 2025 [11570][-none-][INFO] Query:SELECT * FROM fields_meta_data WHERE  custom_module='Users' AND  deleted = 0
Mon Mar 31 00:09:13 2025 [11570][-none-][INFO] Query Execution Time:0.00057601928710938
Mon Mar 31 00:09:13 2025 [11570][-none-][DEBUG] rebuilding cache for Employees
Mon Mar 31 00:09:13 2025 [11570][-none-][INFO] Query:SELECT * FROM fields_meta_data WHERE  custom_module='Employees' AND  deleted = 0
Mon Mar 31 00:09:13 2025 [11570][-none-][INFO] Query Execution Time:0.00049281120300293
Mon Mar 31 00:09:14 2025 [11570][-none-][DEBUG] rebuilding cache for EmailAddresses
Mon Mar 31 00:09:14 2025 [11570][-none-][INFO] Query:SELECT * FROM fields_meta_data WHERE  custom_module='EmailAddresses' AND  deleted = 0
Mon Mar 31 00:09:14 2025 [11570][-none-][INFO] Query Execution Time:0.00037312507629395
Mon Mar 31 00:09:14 2025 [11570][-none-][DEBUG] rebuilding cache for UserPreferences
Mon Mar 31 00:09:14 2025 [11570][-none-][INFO] Query:SELECT * FROM fields_meta_data WHERE  custom_module='UserPreferences' AND  deleted = 0
Mon Mar 31 00:09:14 2025 [11570][-none-][INFO] Query Execution Time:0.00036215782165527
Mon Mar 31 00:09:14 2025 [11570][-none-][DEBUG] rebuilding cache for Administration
Mon Mar 31 00:09:14 2025 [11570][-none-][INFO] Query:SELECT * FROM fields_meta_data WHERE  custom_module='Administration' AND  deleted = 0
Mon Mar 31 00:09:14 2025 [11570][-none-][INFO] Query Execution Time:0.00038003921508789
Mon Mar 31 00:09:14 2025 [11570][-none-][INFO] Query:SELECT category, name, value FROM config
Mon Mar 31 00:09:14 2025 [11570][-none-][INFO] Query Execution Time:0.00044703483581543
Mon Mar 31 00:09:14 2025 [11570][-none-][INFO] Query:SELECT id FROM outbound_email WHERE type = 'system' AND deleted = 0
Mon Mar 31 00:09:14 2025 [11570][-none-][INFO] Query Execution Time:0.00035500526428223
Mon Mar 31 00:09:14 2025 [11570][-none-][INFO] Query:SELECT * FROM outbound_email WHERE id = '9f511e14-b421-834c-19d7-67e81d8d1ac8'
Mon Mar 31 00:09:14 2025 [11570][-none-][INFO] Query Execution Time:0.00040602684020996
Mon Mar 31 00:09:14 2025 [11570][-none-][DEBUG] Hook called: ::after_entry_point
Mon Mar 31 00:09:14 2025 [11570][-none-][DEBUG] Including module specific hook file for custom/modules
Mon Mar 31 00:09:14 2025 [11570][-none-][DEBUG] Including Ext hook file for custom/application
Mon Mar 31 00:09:14 2025 [11570][-none-][DEBUG] Hook called: ::after_session_start
Mon Mar 31 00:09:14 2025 [11570][-none-][DEBUG] Unable to find SugarController:: get
Mon Mar 31 00:09:14 2025 [11570][-none-][DEBUG] We have an authenticated user id: 1
Mon Mar 31 00:09:14 2025 [11570][-none-][DEBUG] Hook called: Users::before_retrieve
Mon Mar 31 00:09:14 2025 [11570][-none-][DEBUG] Including module specific hook file for custom/modules/Users
Mon Mar 31 00:09:14 2025 [11570][-none-][DEBUG] Retrieve User : SELECT users.* FROM users  WHERE users.id = '1' AND users.deleted=0
Mon Mar 31 00:09:14 2025 [11570][-none-][DEBUG] Limit Query:SELECT users.* FROM users  WHERE users.id = '1' AND users.deleted=0 Start: 0 count: 1
Mon Mar 31 00:09:14 2025 [11570][-none-][INFO] Query:SELECT users.* FROM users  WHERE users.id = '1' AND users.deleted=0 LIMIT 0,1
Mon Mar 31 00:09:14 2025 [11570][-none-][INFO] Query Execution Time:0.00062799453735352
Mon Mar 31 00:09:14 2025 [11570][1][DEBUG] get_user_array query: SELECT id, first_name, last_name, user_name FROM users WHERE 1=1 ORDER BY first_name, last_name ASC
Mon Mar 31 00:09:14 2025 [11570][1][INFO] Query:SELECT id, first_name, last_name, user_name FROM users WHERE 1=1 ORDER BY first_name, last_name ASC
Mon Mar 31 00:09:14 2025 [11570][1][INFO] Query Execution Time:0.00025200843811035
Mon Mar 31 00:09:14 2025 [11570][1][INFO] Query:SELECT u1.first_name, u1.last_name from users  u1, users  u2 where u1.id = u2.reports_to_id AND u2.id = '1' and u1.deleted=0
Mon Mar 31 00:09:14 2025 [11570][1][INFO] Query Execution Time:0.00042891502380371
Mon Mar 31 00:09:14 2025 [11570][1][DEBUG] SugarBean[User].load_relationships, Loading relationship (reports_to_link).
Mon Mar 31 00:09:14 2025 [11570][1][INFO] Query:SELECT 
                    ea.email_address,
                    ea.email_address_caps,
                    ea.invalid_email,
                    ea.opt_out,
                    ea.confirm_opt_in,
                    ea.date_created,
                    ea.date_modified,
                    ear.id,
                    ear.email_address_id,
                    ear.bean_id,
                    ear.bean_module,
                    ear.primary_address,
                    ear.reply_to_address,
                    ear.deleted
                FROM email_addresses ea LEFT JOIN email_addr_bean_rel ear ON ea.id = ear.email_address_id
                WHERE 
                    ear.bean_module = 'Users'
                    AND ear.bean_id = '1'
                    AND ear.deleted = 0
                ORDER BY ear.reply_to_address, ear.primary_address DESC
Mon Mar 31 00:09:14 2025 [11570][1][INFO] Query Execution Time:0.00060200691223145
Mon Mar 31 00:09:14 2025 [11570][1][DEBUG] Hook called: Users::after_retrieve
Mon Mar 31 00:09:14 2025 [11570][1][DEBUG] FACTOR AUTH: -------------------------------------------------------------
Mon Mar 31 00:09:14 2025 [11570][1][DEBUG] FACTOR AUTH: --------------------- CHECK FACTOR AUtH ---------------------
Mon Mar 31 00:09:14 2025 [11570][1][DEBUG] FACTOR AUTH: -------------------------------------------------------------
Mon Mar 31 00:09:14 2025 [11570][1][DEBUG] FACTOR AUTH: User needs factor auth, request is not Logout
Mon Mar 31 00:09:14 2025 [11570][1][DEBUG] FACTOR AUTH: User does`nt need factor auth
Mon Mar 31 00:09:14 2025 [11570][1][DEBUG] Current user is: admin
Mon Mar 31 00:09:14 2025 [11570][1][DEBUG] Current user is: admin
Mon Mar 31 00:09:14 2025 [11570][1][DEBUG] setting cookie ck_login_id_20 to 1
Mon Mar 31 00:09:14 2025 [11570][1][DEBUG] setting cookie ck_login_language_20 to en_us
Mon Mar 31 00:09:14 2025 [11570][1][DEBUG] current_language is: en_us
Mon Mar 31 00:09:14 2025 [11570][1][INFO] Found language file: en_us.lang.php
Mon Mar 31 00:09:14 2025 [11570][1][INFO] Found extended language file: en_us.lang.ext.php
Mon Mar 31 00:09:14 2025 [11570][1][DEBUG] SuiteCRM\ModuleInstall\ExtensionManager::compileExtensionFiles() : Merging module files in custom/Extension/modules/<module>/Language to custom/modules/<module>/Language/en_us.lang.ext.php
Mon Mar 31 00:09:15 2025 [11570][1][DEBUG] Merging application files for en_us.lang.ext.php in Language
Mon Mar 31 00:09:15 2025 [11570][1][DEBUG] rebuilding cache for Alerts
Mon Mar 31 00:09:15 2025 [11570][1][INFO] Query:SELECT * FROM fields_meta_data WHERE  custom_module='Alerts' AND  deleted = 0
Mon Mar 31 00:09:15 2025 [11570][1][INFO] Query Execution Time:0.00049901008605957
Mon Mar 31 00:09:15 2025 [11570][1][DEBUG] Performing action: action_get MODULE: Alerts
Mon Mar 31 00:09:15 2025 [11570][1][DEBUG] get_full_list:  order_by = 'alerts.date_entered' and where = 'alerts.assigned_user_id = '1' AND is_read != '1''
Mon Mar 31 00:09:15 2025 [11570][1][DEBUG] Hook called: Alerts::before_acl_query
Mon Mar 31 00:09:15 2025 [11570][1][DEBUG] SugarBean[Alert].load_relationships, Loading relationship (modified_user_link).
Mon Mar 31 00:09:15 2025 [11570][1][DEBUG] SugarBean[Alert].load_relationships, Loading relationship (created_by_link).
Mon Mar 31 00:09:15 2025 [11570][1][DEBUG] SugarBean[Alert].load_relationships, Loading relationship (assigned_user_link).
Mon Mar 31 00:09:15 2025 [11570][1][DEBUG] process_order_by: (alerts.date_entered) does not have a vardef entry.
Mon Mar 31 00:09:15 2025 [11570][1][DEBUG] process_full_list_query: query is  SELECT  alerts.*  , jt0.user_name modified_by_name , jt0.created_by modified_by_name_owner  , 'Users' modified_by_name_mod , jt1.user_name created_by_name , jt1.created_by created_by_name_owner  , 'Users' created_by_name_mod , jt2.user_name assigned_user_name , jt2.created_by assigned_user_name_owner  , 'Users' assigned_user_name_mod FROM alerts   LEFT JOIN  users jt0 ON alerts.modified_user_id=jt0.id AND jt0.deleted=0

 AND jt0.deleted=0  LEFT JOIN  users jt1 ON alerts.created_by=jt1.id AND jt1.deleted=0

 AND jt1.deleted=0  LEFT JOIN  users jt2 ON alerts.assigned_user_id=jt2.id AND jt2.deleted=0

 AND jt2.deleted=0 where (alerts.assigned_user_id = '1' AND is_read != '1') AND alerts.deleted=0
Mon Mar 31 00:09:15 2025 [11570][1][INFO] Query: SELECT  alerts.*  , jt0.user_name modified_by_name , jt0.created_by modified_by_name_owner  , 'Users' modified_by_name_mod , jt1.user_name created_by_name , jt1.created_by created_by_name_owner  , 'Users' created_by_name_mod , jt2.user_name assigned_user_name , jt2.created_by assigned_user_name_owner  , 'Users' assigned_user_name_mod FROM alerts   LEFT JOIN  users jt0 ON alerts.modified_user_id=jt0.id AND jt0.deleted=0

 AND jt0.deleted=0  LEFT JOIN  users jt1 ON alerts.created_by=jt1.id AND jt1.deleted=0

 AND jt1.deleted=0  LEFT JOIN  users jt2 ON alerts.assigned_user_id=jt2.id AND jt2.deleted=0

 AND jt2.deleted=0 where (alerts.assigned_user_id = '1' AND is_read != '1') AND alerts.deleted=0
Mon Mar 31 00:09:15 2025 [11570][1][INFO] Query Execution Time:0.0010871887207031
Mon Mar 31 00:09:15 2025 [11570][1][DEBUG] process_full_list_query: result is mysqli_result Object
(
    [current_field] => 0
    [field_count] => 23
    [lengths] => 
    [num_rows] => 0
    [type] => 0
)

Mon Mar 31 00:09:15 2025 [11570][1][DEPRECATED] Array
(
)

Mon Mar 31 00:09:15 2025 [11570][1][DEBUG] Hook called: ::server_round_trip
Mon Mar 31 00:09:15 2025 [11570][1][DEBUG] Calling MySQLi::disconnect()
Mon Mar 31 00:09:21 2025 [11166][-none-][DEBUG] current_language is: en_us
Mon Mar 31 00:09:21 2025 [11166][-none-][DEBUG] Found cache backend SugarCacheAPC
Mon Mar 31 00:09:21 2025 [11166][-none-][DEBUG] Found cache backend SugarCacheFile
Mon Mar 31 00:09:21 2025 [11166][-none-][DEBUG] Found cache backend SugarCacheMemcache
Mon Mar 31 00:09:21 2025 [11166][-none-][DEBUG] Found cache backend SugarCacheMemcached
Mon Mar 31 00:09:21 2025 [11166][-none-][DEBUG] Found cache backend SugarCacheMemory
Mon Mar 31 00:09:21 2025 [11166][-none-][DEBUG] Using cache backend SugarCacheMemory, since 999 is less than 1000
Mon Mar 31 00:09:21 2025 [11166][-none-][DEBUG] Found cache backend SugarCacheRedis
Mon Mar 31 00:09:21 2025 [11166][-none-][DEBUG] Found cache backend SugarCachesMash
Mon Mar 31 00:09:21 2025 [11166][-none-][DEBUG] Found cache backend SugarCacheWincache
Mon Mar 31 00:09:21 2025 [11166][-none-][DEBUG] Found cache backend SugarCacheZend
Mon Mar 31 00:09:21 2025 [11166][-none-][INFO] Found language file: en_us.lang.php
Mon Mar 31 00:09:21 2025 [11166][-none-][INFO] Found extended language file: en_us.lang.ext.php
Mon Mar 31 00:09:21 2025 [11166][-none-][WARN] Configuration variable date.timezone is not set, guessed timezone UTC. Please set date.timezone="UTC" in php.ini!
Mon Mar 31 00:09:21 2025 [11166][-none-][INFO] Query:SELECT id, name, symbol, conversion_rate FROM currencies WHERE status = 'Active' and deleted = 0
Mon Mar 31 00:09:21 2025 [11166][-none-][INFO] Query Execution Time:0.00027799606323242
Mon Mar 31 00:09:21 2025 [11166][-none-][DEBUG] rebuilding cache for Users
Mon Mar 31 00:09:21 2025 [11166][-none-][INFO] Query:SELECT * FROM fields_meta_data WHERE  custom_module='Users' AND  deleted = 0
Mon Mar 31 00:09:21 2025 [11166][-none-][INFO] Query Execution Time:0.00043392181396484
Mon Mar 31 00:09:21 2025 [11166][-none-][DEBUG] rebuilding cache for Employees
Mon Mar 31 00:09:21 2025 [11166][-none-][INFO] Query:SELECT * FROM fields_meta_data WHERE  custom_module='Employees' AND  deleted = 0
Mon Mar 31 00:09:21 2025 [11166][-none-][INFO] Query Execution Time:0.00040984153747559
Mon Mar 31 00:09:21 2025 [11166][-none-][DEBUG] rebuilding cache for EmailAddresses
Mon Mar 31 00:09:21 2025 [11166][-none-][INFO] Query:SELECT * FROM fields_meta_data WHERE  custom_module='EmailAddresses' AND  deleted = 0
Mon Mar 31 00:09:21 2025 [11166][-none-][INFO] Query Execution Time:0.00036907196044922
Mon Mar 31 00:09:21 2025 [11166][-none-][DEBUG] rebuilding cache for UserPreferences
Mon Mar 31 00:09:21 2025 [11166][-none-][INFO] Query:SELECT * FROM fields_meta_data WHERE  custom_module='UserPreferences' AND  deleted = 0
Mon Mar 31 00:09:21 2025 [11166][-none-][INFO] Query Execution Time:0.00050497055053711
Mon Mar 31 00:09:21 2025 [11166][-none-][DEBUG] rebuilding cache for Administration
Mon Mar 31 00:09:21 2025 [11166][-none-][INFO] Query:SELECT * FROM fields_meta_data WHERE  custom_module='Administration' AND  deleted = 0
Mon Mar 31 00:09:21 2025 [11166][-none-][INFO] Query Execution Time:0.00058412551879883
Mon Mar 31 00:09:21 2025 [11166][-none-][INFO] Query:SELECT category, name, value FROM config
Mon Mar 31 00:09:21 2025 [11166][-none-][INFO] Query Execution Time:0.0025320053100586
Mon Mar 31 00:09:21 2025 [11166][-none-][INFO] Query:SELECT id FROM outbound_email WHERE type = 'system' AND deleted = 0
Mon Mar 31 00:09:21 2025 [11166][-none-][INFO] Query Execution Time:0.00031614303588867
Mon Mar 31 00:09:22 2025 [11166][-none-][INFO] Query:SELECT * FROM outbound_email WHERE id = '9f511e14-b421-834c-19d7-67e81d8d1ac8'
Mon Mar 31 00:09:22 2025 [11166][-none-][INFO] Query Execution Time:0.00036215782165527
Mon Mar 31 00:09:22 2025 [11166][-none-][DEBUG] Hook called: ::after_entry_point
Mon Mar 31 00:09:22 2025 [11166][-none-][DEBUG] Including module specific hook file for custom/modules
Mon Mar 31 00:09:22 2025 [11166][-none-][DEBUG] Including Ext hook file for custom/application
Mon Mar 31 00:09:22 2025 [11166][-none-][DEBUG] Hook called: ::after_session_start
Mon Mar 31 00:09:22 2025 [11166][-none-][DEBUG] Unable to find SugarController:: DetailView
Mon Mar 31 00:09:22 2025 [11166][-none-][DEBUG] We have an authenticated user id: 1
Mon Mar 31 00:09:22 2025 [11166][-none-][DEBUG] Hook called: Users::before_retrieve
Mon Mar 31 00:09:22 2025 [11166][-none-][DEBUG] Including module specific hook file for custom/modules/Users
Mon Mar 31 00:09:22 2025 [11166][-none-][DEBUG] Retrieve User : SELECT users.* FROM users  WHERE users.id = '1' AND users.deleted=0
Mon Mar 31 00:09:22 2025 [11166][-none-][DEBUG] Limit Query:SELECT users.* FROM users  WHERE users.id = '1' AND users.deleted=0 Start: 0 count: 1
Mon Mar 31 00:09:22 2025 [11166][-none-][INFO] Query:SELECT users.* FROM users  WHERE users.id = '1' AND users.deleted=0 LIMIT 0,1
Mon Mar 31 00:09:22 2025 [11166][-none-][INFO] Query Execution Time:0.0003969669342041
Mon Mar 31 00:09:22 2025 [11166][1][DEBUG] get_user_array query: SELECT id, first_name, last_name, user_name FROM users WHERE 1=1 ORDER BY first_name, last_name ASC
Mon Mar 31 00:09:22 2025 [11166][1][INFO] Query:SELECT id, first_name, last_name, user_name FROM users WHERE 1=1 ORDER BY first_name, last_name ASC
Mon Mar 31 00:09:22 2025 [11166][1][INFO] Query Execution Time:0.00030303001403809
Mon Mar 31 00:09:22 2025 [11166][1][INFO] Query:SELECT u1.first_name, u1.last_name from users  u1, users  u2 where u1.id = u2.reports_to_id AND u2.id = '1' and u1.deleted=0
Mon Mar 31 00:09:22 2025 [11166][1][INFO] Query Execution Time:0.00031590461730957
Mon Mar 31 00:09:22 2025 [11166][1][DEBUG] SugarBean[User].load_relationships, Loading relationship (reports_to_link).
Mon Mar 31 00:09:22 2025 [11166][1][INFO] Query:SELECT 
                    ea.email_address,
                    ea.email_address_caps,
                    ea.invalid_email,
                    ea.opt_out,
                    ea.confirm_opt_in,
                    ea.date_created,
                    ea.date_modified,
                    ear.id,
                    ear.email_address_id,
                    ear.bean_id,
                    ear.bean_module,
                    ear.primary_address,
                    ear.reply_to_address,
                    ear.deleted
                FROM email_addresses ea LEFT JOIN email_addr_bean_rel ear ON ea.id = ear.email_address_id
                WHERE 
                    ear.bean_module = 'Users'
                    AND ear.bean_id = '1'
                    AND ear.deleted = 0
                ORDER BY ear.reply_to_address, ear.primary_address DESC
Mon Mar 31 00:09:22 2025 [11166][1][INFO] Query Execution Time:0.00040316581726074
Mon Mar 31 00:09:22 2025 [11166][1][DEBUG] Hook called: Users::after_retrieve
Mon Mar 31 00:09:22 2025 [11166][1][DEBUG] FACTOR AUTH: -------------------------------------------------------------
Mon Mar 31 00:09:22 2025 [11166][1][DEBUG] FACTOR AUTH: --------------------- CHECK FACTOR AUtH ---------------------
Mon Mar 31 00:09:22 2025 [11166][1][DEBUG] FACTOR AUTH: -------------------------------------------------------------
Mon Mar 31 00:09:22 2025 [11166][1][DEBUG] FACTOR AUTH: User needs factor auth, request is not Logout
Mon Mar 31 00:09:22 2025 [11166][1][DEBUG] FACTOR AUTH: User does`nt need factor auth
Mon Mar 31 00:09:22 2025 [11166][1][DEBUG] Current user is: admin
Mon Mar 31 00:09:22 2025 [11166][1][DEBUG] Current user is: admin
Mon Mar 31 00:09:22 2025 [11166][1][DEBUG] setting cookie ck_login_id_20 to 1
Mon Mar 31 00:09:22 2025 [11166][1][DEBUG] setting cookie ck_login_language_20 to en_us
Mon Mar 31 00:09:22 2025 [11166][1][DEBUG] current_language is: en_us
Mon Mar 31 00:09:22 2025 [11166][1][INFO] Found language file: en_us.lang.php
Mon Mar 31 00:09:22 2025 [11166][1][INFO] Found extended language file: en_us.lang.ext.php
Mon Mar 31 00:09:22 2025 [11166][1][DEBUG] SuiteCRM\ModuleInstall\ExtensionManager::compileExtensionFiles() : Merging module files in custom/Extension/modules/<module>/Language to custom/modules/<module>/Language/en_us.lang.ext.php
Mon Mar 31 00:09:22 2025 [11166][1][DEBUG] Merging application files for en_us.lang.ext.php in Language
Mon Mar 31 00:09:22 2025 [11166][1][DEBUG] rebuilding cache for TEST_PhoneNumbers
Mon Mar 31 00:09:22 2025 [11166][1][INFO] Query:SELECT * FROM fields_meta_data WHERE  custom_module='TEST_PhoneNumbers' AND  deleted = 0
Mon Mar 31 00:09:22 2025 [11166][1][INFO] Query Execution Time:0.00037217140197754
Mon Mar 31 00:09:23 2025 [11166][1][DEBUG] Hook called: TEST_PhoneNumbers::before_retrieve
Mon Mar 31 00:09:23 2025 [11166][1][DEBUG] Retrieve TEST_PhoneNumbers : SELECT test_phonenumbers.* FROM test_phonenumbers  WHERE test_phonenumbers.id = '940a4212-b322-88a4-4287-67e99bcb014f' AND test_phonenumbers.deleted=0
Mon Mar 31 00:09:23 2025 [11166][1][DEBUG] Limit Query:SELECT test_phonenumbers.* FROM test_phonenumbers  WHERE test_phonenumbers.id = '940a4212-b322-88a4-4287-67e99bcb014f' AND test_phonenumbers.deleted=0 Start: 0 count: 1
Mon Mar 31 00:09:23 2025 [11166][1][INFO] Query:SELECT test_phonenumbers.* FROM test_phonenumbers  WHERE test_phonenumbers.id = '940a4212-b322-88a4-4287-67e99bcb014f' AND test_phonenumbers.deleted=0 LIMIT 0,1
Mon Mar 31 00:09:23 2025 [11166][1][INFO] Query Execution Time:0.00051999092102051
Mon Mar 31 00:09:23 2025 [11166][1][DEBUG] SugarBean[TEST_PhoneNumbers].load_relationships, Loading relationship (assigned_user_id).
Mon Mar 31 00:09:23 2025 [11166][1][DEBUG] SugarBean.load_relationships, failed Loading relationship (assigned_user_id)
Mon Mar 31 00:09:23 2025 [11166][1][DEBUG] SugarBean[TEST_PhoneNumbers].load_relationships, Loading relationship (assigned_user_id).
Mon Mar 31 00:09:23 2025 [11166][1][DEBUG] SugarBean.load_relationships, failed Loading relationship (assigned_user_id)
Mon Mar 31 00:09:23 2025 [11166][1][DEBUG] Hook called: TEST_PhoneNumbers::after_retrieve
Mon Mar 31 00:09:23 2025 [11166][1][DEBUG] Using Action View Map:detail
Mon Mar 31 00:09:23 2025 [11166][1][DEPRECATED] Array
(
)

Mon Mar 31 00:09:23 2025 [11166][1][INFO] Query:INSERT INTO tracker (monitor_id,user_id,module_name,item_id,item_summary,date_modified,action,session_id,visible ) VALUES ( '40efb54a-7efa-2a53-f2c5-67e9dd71d75c','1','TEST_PhoneNumbers','940a4212-b322-88a4-4287-67e99bcb014f','+799988877665','2025-03-31 00:09:21','detailview','2c9bac6fde3c59e23c83b2a76a772233','1')
Mon Mar 31 00:09:23 2025 [11166][1][INFO] Query Execution Time:0.075181007385254
Mon Mar 31 00:09:23 2025 [11166][1][WARN] CSS File Dawn/yui.css not found
Mon Mar 31 00:09:23 2025 [11166][1][DEBUG] SuiteCRM\ModuleInstall\ExtensionManager::compileExtensionFiles() : Merging module files in custom/Extension/modules/<module>/Language to custom/modules/<module>/Language/en_us.lang.ext.php
Mon Mar 31 00:09:24 2025 [11166][1][DEBUG] Merging application files for en_us.lang.ext.php in Language
Mon Mar 31 00:09:24 2025 [11166][1][DEBUG] rebuilding cache for Favorites
Mon Mar 31 00:09:24 2025 [11166][1][INFO] Query:SELECT * FROM fields_meta_data WHERE  custom_module='Favorites' AND  deleted = 0
Mon Mar 31 00:09:24 2025 [11166][1][INFO] Query Execution Time:0.00043296813964844
Mon Mar 31 00:09:24 2025 [11166][1][INFO] Query:SELECT parent_id, parent_type FROM favorites WHERE assigned_user_id = '1' AND deleted = 0 ORDER BY date_entered DESC
Mon Mar 31 00:09:24 2025 [11166][1][INFO] Query Execution Time:0.00052690505981445
Mon Mar 31 00:09:24 2025 [11166][1][DEBUG] rebuilding cache for Trackers
Mon Mar 31 00:09:24 2025 [11166][1][INFO] Query:SELECT * FROM fields_meta_data WHERE  custom_module='Trackers' AND  deleted = 0
Mon Mar 31 00:09:24 2025 [11166][1][INFO] Query Execution Time:0.00044703483581543
Mon Mar 31 00:09:24 2025 [11166][1][DEBUG] Limit Query:SELECT item_id, item_summary, module_name, id FROM tracker WHERE id = (SELECT MAX(id) as id FROM tracker WHERE user_id = '1' AND deleted = 0 AND visible = 1) Start: 0 count: 50
Mon Mar 31 00:09:24 2025 [11166][1][INFO] Query:SELECT item_id, item_summary, module_name, id FROM tracker WHERE id = (SELECT MAX(id) as id FROM tracker WHERE user_id = '1' AND deleted = 0 AND visible = 1) LIMIT 0,50
Mon Mar 31 00:09:24 2025 [11166][1][INFO] Query Execution Time:0.00058913230895996
Mon Mar 31 00:09:24 2025 [11166][1][INFO] Query:DELETE FROM tracker where id = '41'
Mon Mar 31 00:09:24 2025 [11166][1][INFO] Query Execution Time:0.27985787391663
Mon Mar 31 00:09:24 2025 [11166][1][INFO] Tracker: retrieving 3 items
Mon Mar 31 00:09:25 2025 [11166][1][DEBUG] SuiteCRM\ModuleInstall\ExtensionManager::compileExtensionFiles() : Merging module files in custom/Extension/modules/<module>/Language to custom/modules/<module>/Language/en_us.lang.ext.php
Mon Mar 31 00:09:25 2025 [11166][1][DEBUG] Merging application files for en_us.lang.ext.php in Language
Mon Mar 31 00:09:25 2025 [11166][1][DEBUG] rebuilding cache for Emails
Mon Mar 31 00:09:25 2025 [11166][1][INFO] Query:SELECT * FROM fields_meta_data WHERE  custom_module='Emails' AND  deleted = 0
Mon Mar 31 00:09:25 2025 [11166][1][INFO] Query Execution Time:0.00053000450134277
Mon Mar 31 00:09:26 2025 [11166][1][DEBUG] Hook called: TEST_PhoneNumbers::before_retrieve
Mon Mar 31 00:09:26 2025 [11166][1][DEBUG] Retrieve TEST_PhoneNumbers : SELECT test_phonenumbers.* FROM test_phonenumbers  WHERE test_phonenumbers.id = '940a4212-b322-88a4-4287-67e99bcb014f' AND test_phonenumbers.deleted=0
Mon Mar 31 00:09:26 2025 [11166][1][DEBUG] Limit Query:SELECT test_phonenumbers.* FROM test_phonenumbers  WHERE test_phonenumbers.id = '940a4212-b322-88a4-4287-67e99bcb014f' AND test_phonenumbers.deleted=0 Start: 0 count: 1
Mon Mar 31 00:09:26 2025 [11166][1][INFO] Query:SELECT test_phonenumbers.* FROM test_phonenumbers  WHERE test_phonenumbers.id = '940a4212-b322-88a4-4287-67e99bcb014f' AND test_phonenumbers.deleted=0 LIMIT 0,1
Mon Mar 31 00:09:26 2025 [11166][1][INFO] Query Execution Time:0.00045299530029297
Mon Mar 31 00:09:26 2025 [11166][1][DEBUG] SugarBean[TEST_PhoneNumbers].load_relationships, Loading relationship (assigned_user_id).
Mon Mar 31 00:09:26 2025 [11166][1][DEBUG] SugarBean.load_relationships, failed Loading relationship (assigned_user_id)
Mon Mar 31 00:09:26 2025 [11166][1][DEBUG] SugarBean[TEST_PhoneNumbers].load_relationships, Loading relationship (assigned_user_id).
Mon Mar 31 00:09:26 2025 [11166][1][DEBUG] SugarBean.load_relationships, failed Loading relationship (assigned_user_id)
Mon Mar 31 00:09:26 2025 [11166][1][DEBUG] Hook called: TEST_PhoneNumbers::after_retrieve
Mon Mar 31 00:09:26 2025 [11166][1][DEBUG] Hook called: TEST_PhoneNumbers::before_retrieve
Mon Mar 31 00:09:26 2025 [11166][1][DEBUG] Retrieve TEST_PhoneNumbers : SELECT test_phonenumbers.* FROM test_phonenumbers  WHERE test_phonenumbers.id = 'ac95186a-26bd-5663-b402-67e836487e62' AND test_phonenumbers.deleted=0
Mon Mar 31 00:09:26 2025 [11166][1][DEBUG] Limit Query:SELECT test_phonenumbers.* FROM test_phonenumbers  WHERE test_phonenumbers.id = 'ac95186a-26bd-5663-b402-67e836487e62' AND test_phonenumbers.deleted=0 Start: 0 count: 1
Mon Mar 31 00:09:26 2025 [11166][1][INFO] Query:SELECT test_phonenumbers.* FROM test_phonenumbers  WHERE test_phonenumbers.id = 'ac95186a-26bd-5663-b402-67e836487e62' AND test_phonenumbers.deleted=0 LIMIT 0,1
Mon Mar 31 00:09:26 2025 [11166][1][INFO] Query Execution Time:0.0004279613494873
Mon Mar 31 00:09:26 2025 [11166][1][DEBUG] SugarBean[TEST_PhoneNumbers].load_relationships, Loading relationship (assigned_user_id).
Mon Mar 31 00:09:26 2025 [11166][1][DEBUG] SugarBean.load_relationships, failed Loading relationship (assigned_user_id)
Mon Mar 31 00:09:26 2025 [11166][1][DEBUG] SugarBean[TEST_PhoneNumbers].load_relationships, Loading relationship (assigned_user_id).
Mon Mar 31 00:09:26 2025 [11166][1][DEBUG] SugarBean.load_relationships, failed Loading relationship (assigned_user_id)
Mon Mar 31 00:09:26 2025 [11166][1][DEBUG] Hook called: TEST_PhoneNumbers::after_retrieve
Mon Mar 31 00:09:26 2025 [11166][1][DEBUG] Hook called: TEST_PhoneNumbers::before_retrieve
Mon Mar 31 00:09:26 2025 [11166][1][DEBUG] Retrieve TEST_PhoneNumbers : SELECT test_phonenumbers.* FROM test_phonenumbers  WHERE test_phonenumbers.id = '7c1a86eb-5a0c-332b-8085-67e8264fa4b5' AND test_phonenumbers.deleted=0
Mon Mar 31 00:09:26 2025 [11166][1][DEBUG] Limit Query:SELECT test_phonenumbers.* FROM test_phonenumbers  WHERE test_phonenumbers.id = '7c1a86eb-5a0c-332b-8085-67e8264fa4b5' AND test_phonenumbers.deleted=0 Start: 0 count: 1
Mon Mar 31 00:09:26 2025 [11166][1][INFO] Query:SELECT test_phonenumbers.* FROM test_phonenumbers  WHERE test_phonenumbers.id = '7c1a86eb-5a0c-332b-8085-67e8264fa4b5' AND test_phonenumbers.deleted=0 LIMIT 0,1
Mon Mar 31 00:09:26 2025 [11166][1][INFO] Query Execution Time:0.00035810470581055
Mon Mar 31 00:09:26 2025 [11166][1][DEBUG] Hook called: TEST_PhoneNumbers::before_retrieve
Mon Mar 31 00:09:26 2025 [11166][1][DEBUG] Retrieve TEST_PhoneNumbers : SELECT test_phonenumbers.* FROM test_phonenumbers  WHERE test_phonenumbers.id = '7c1a86eb-5a0c-332b-8085-67e8264fa4b5' AND test_phonenumbers.deleted=0
Mon Mar 31 00:09:26 2025 [11166][1][DEBUG] Limit Query:SELECT test_phonenumbers.* FROM test_phonenumbers  WHERE test_phonenumbers.id = '7c1a86eb-5a0c-332b-8085-67e8264fa4b5' AND test_phonenumbers.deleted=0 Start: 0 count: 1
Mon Mar 31 00:09:26 2025 [11166][1][INFO] Query:SELECT test_phonenumbers.* FROM test_phonenumbers  WHERE test_phonenumbers.id = '7c1a86eb-5a0c-332b-8085-67e8264fa4b5' AND test_phonenumbers.deleted=0 LIMIT 0,1
Mon Mar 31 00:09:26 2025 [11166][1][INFO] Query Execution Time:0.0003211498260498
Mon Mar 31 00:09:26 2025 [11166][1][DEBUG] Hook called: TEST_PhoneNumbers::before_retrieve
Mon Mar 31 00:09:26 2025 [11166][1][DEBUG] Retrieve TEST_PhoneNumbers : SELECT test_phonenumbers.* FROM test_phonenumbers  WHERE test_phonenumbers.id = '7c1a86eb-5a0c-332b-8085-67e8264fa4b5' AND test_phonenumbers.deleted=0
Mon Mar 31 00:09:26 2025 [11166][1][DEBUG] Limit Query:SELECT test_phonenumbers.* FROM test_phonenumbers  WHERE test_phonenumbers.id = '7c1a86eb-5a0c-332b-8085-67e8264fa4b5' AND test_phonenumbers.deleted=0 Start: 0 count: 1
Mon Mar 31 00:09:26 2025 [11166][1][INFO] Query:SELECT test_phonenumbers.* FROM test_phonenumbers  WHERE test_phonenumbers.id = '7c1a86eb-5a0c-332b-8085-67e8264fa4b5' AND test_phonenumbers.deleted=0 LIMIT 0,1
Mon Mar 31 00:09:26 2025 [11166][1][INFO] Query Execution Time:0.00035595893859863
Mon Mar 31 00:09:26 2025 [11166][1][DEBUG] metadatafile=modules/TEST_PhoneNumbers/metadata/detailviewdefs.php
Mon Mar 31 00:09:26 2025 [11166][1][DEBUG] SUGARVCR is recording more records
Mon Mar 31 00:09:26 2025 [11166][1][DEBUG] Limit Query: SELECT  test_phonenumbers.id , test_phonenumbers.phone_number , test_phonenumbers.assigned_user_id  FROM test_phonenumbers  where test_phonenumbers.deleted=0 ORDER BY test_phonenumbers.phone_number ASC Start: 0 count: 52
Mon Mar 31 00:09:26 2025 [11166][1][INFO] Query: SELECT  test_phonenumbers.id , test_phonenumbers.phone_number , test_phonenumbers.assigned_user_id  FROM test_phonenumbers  where test_phonenumbers.deleted=0 ORDER BY test_phonenumbers.phone_number ASC LIMIT 0,52
Mon Mar 31 00:09:26 2025 [11166][1][INFO] Query Execution Time:0.00033688545227051
Mon Mar 31 00:09:27 2025 [11166][1][DEBUG] Hook called: TEST_PhoneNumbers::after_ui_frame
Mon Mar 31 00:09:27 2025 [11166][1][DEBUG] Creating new instance of hook class hooks without parameters
Mon Mar 31 00:09:27 2025 [11166][1][DEBUG] Creating new instance of hook class AssignGroups without parameters
Mon Mar 31 00:09:27 2025 [11166][1][DEBUG] SuiteCRM\ModuleInstall\ExtensionManager::compileExtensionFiles() : Merging module files in custom/Extension/modules/<module>/Language to custom/modules/<module>/Language/en_us.lang.ext.php
Mon Mar 31 00:09:28 2025 [11166][1][DEBUG] Merging application files for en_us.lang.ext.php in Language
Mon Mar 31 00:09:28 2025 [11166][1][DEBUG] rebuilding cache for SecurityGroups
Mon Mar 31 00:09:28 2025 [11166][1][INFO] Query:SELECT * FROM fields_meta_data WHERE  custom_module='SecurityGroups' AND  deleted = 0
Mon Mar 31 00:09:28 2025 [11166][1][INFO] Query Execution Time:0.00038790702819824
Mon Mar 31 00:09:28 2025 [11166][1][DEBUG] SubPanelDefinitions->get_available_tabs(): securitygroups= not exempt  ACL OK
Mon Mar 31 00:09:28 2025 [11166][1][DEBUG] rebuilding cache for Relationships
Mon Mar 31 00:09:28 2025 [11166][1][INFO] Query:SELECT * FROM fields_meta_data WHERE  custom_module='Relationships' AND  deleted = 0
Mon Mar 31 00:09:28 2025 [11166][1][INFO] Query Execution Time:0.00037503242492676
Mon Mar 31 00:09:28 2025 [11166][1][INFO] Subpanel Where Clause: 
Mon Mar 31 00:09:28 2025 [11166][1][DEBUG] Hook called: ::after_ui_footer
Mon Mar 31 00:09:28 2025 [11166][1][DEBUG] Creating new instance of hook class AssignGroups without parameters
Mon Mar 31 00:09:28 2025 [11166][1][DEBUG] Hook called: ::server_round_trip
Mon Mar 31 00:09:28 2025 [11166][1][DEBUG] Calling MySQLi::disconnect()
Mon Mar 31 00:09:31 2025 [11570][-none-][DEBUG] current_language is: en_us
Mon Mar 31 00:09:31 2025 [11570][-none-][DEBUG] Found cache backend SugarCacheAPC
Mon Mar 31 00:09:31 2025 [11570][-none-][DEBUG] Found cache backend SugarCacheFile
Mon Mar 31 00:09:31 2025 [11570][-none-][DEBUG] Found cache backend SugarCacheMemcache
Mon Mar 31 00:09:31 2025 [11570][-none-][DEBUG] Found cache backend SugarCacheMemcached
Mon Mar 31 00:09:31 2025 [11570][-none-][DEBUG] Found cache backend SugarCacheMemory
Mon Mar 31 00:09:31 2025 [11570][-none-][DEBUG] Using cache backend SugarCacheMemory, since 999 is less than 1000
Mon Mar 31 00:09:31 2025 [11570][-none-][DEBUG] Found cache backend SugarCacheRedis
Mon Mar 31 00:09:31 2025 [11570][-none-][DEBUG] Found cache backend SugarCachesMash
Mon Mar 31 00:09:31 2025 [11570][-none-][DEBUG] Found cache backend SugarCacheWincache
Mon Mar 31 00:09:31 2025 [11570][-none-][DEBUG] Found cache backend SugarCacheZend
Mon Mar 31 00:09:31 2025 [11570][-none-][INFO] Found language file: en_us.lang.php
Mon Mar 31 00:09:31 2025 [11570][-none-][INFO] Found extended language file: en_us.lang.ext.php
Mon Mar 31 00:09:31 2025 [11570][-none-][WARN] Configuration variable date.timezone is not set, guessed timezone UTC. Please set date.timezone="UTC" in php.ini!
Mon Mar 31 00:09:31 2025 [11570][-none-][INFO] Query:SELECT id, name, symbol, conversion_rate FROM currencies WHERE status = 'Active' and deleted = 0
Mon Mar 31 00:09:31 2025 [11570][-none-][INFO] Query Execution Time:0.00029897689819336
Mon Mar 31 00:09:31 2025 [11570][-none-][DEBUG] rebuilding cache for Users
Mon Mar 31 00:09:31 2025 [11570][-none-][INFO] Query:SELECT * FROM fields_meta_data WHERE  custom_module='Users' AND  deleted = 0
Mon Mar 31 00:09:31 2025 [11570][-none-][INFO] Query Execution Time:0.00039005279541016
Mon Mar 31 00:09:32 2025 [11570][-none-][DEBUG] rebuilding cache for Employees
Mon Mar 31 00:09:32 2025 [11570][-none-][INFO] Query:SELECT * FROM fields_meta_data WHERE  custom_module='Employees' AND  deleted = 0
Mon Mar 31 00:09:32 2025 [11570][-none-][INFO] Query Execution Time:0.00048303604125977
Mon Mar 31 00:09:32 2025 [11570][-none-][DEBUG] rebuilding cache for EmailAddresses
Mon Mar 31 00:09:32 2025 [11570][-none-][INFO] Query:SELECT * FROM fields_meta_data WHERE  custom_module='EmailAddresses' AND  deleted = 0
Mon Mar 31 00:09:32 2025 [11570][-none-][INFO] Query Execution Time:0.0003809928894043
Mon Mar 31 00:09:32 2025 [11570][-none-][DEBUG] rebuilding cache for UserPreferences
Mon Mar 31 00:09:32 2025 [11570][-none-][INFO] Query:SELECT * FROM fields_meta_data WHERE  custom_module='UserPreferences' AND  deleted = 0
Mon Mar 31 00:09:32 2025 [11570][-none-][INFO] Query Execution Time:0.00075006484985352
Mon Mar 31 00:09:32 2025 [11570][-none-][DEBUG] rebuilding cache for Administration
Mon Mar 31 00:09:32 2025 [11570][-none-][INFO] Query:SELECT * FROM fields_meta_data WHERE  custom_module='Administration' AND  deleted = 0
Mon Mar 31 00:09:32 2025 [11570][-none-][INFO] Query Execution Time:0.00040793418884277
Mon Mar 31 00:09:32 2025 [11570][-none-][INFO] Query:SELECT category, name, value FROM config
Mon Mar 31 00:09:32 2025 [11570][-none-][INFO] Query Execution Time:0.00033903121948242
Mon Mar 31 00:09:32 2025 [11570][-none-][INFO] Query:SELECT id FROM outbound_email WHERE type = 'system' AND deleted = 0
Mon Mar 31 00:09:32 2025 [11570][-none-][INFO] Query Execution Time:0.00019311904907227
Mon Mar 31 00:09:32 2025 [11570][-none-][INFO] Query:SELECT * FROM outbound_email WHERE id = '9f511e14-b421-834c-19d7-67e81d8d1ac8'
Mon Mar 31 00:09:32 2025 [11570][-none-][INFO] Query Execution Time:0.00048184394836426
Mon Mar 31 00:09:32 2025 [11570][-none-][DEBUG] Hook called: ::after_entry_point
Mon Mar 31 00:09:32 2025 [11570][-none-][DEBUG] Including module specific hook file for custom/modules
Mon Mar 31 00:09:32 2025 [11570][-none-][DEBUG] Including Ext hook file for custom/application
Mon Mar 31 00:09:32 2025 [11570][-none-][DEBUG] Hook called: ::after_session_start
Mon Mar 31 00:09:32 2025 [11570][-none-][DEBUG] Unable to find SugarController:: check_favorite
Mon Mar 31 00:09:32 2025 [11570][-none-][DEBUG] We have an authenticated user id: 1
Mon Mar 31 00:09:32 2025 [11570][-none-][DEBUG] Hook called: Users::before_retrieve
Mon Mar 31 00:09:32 2025 [11570][-none-][DEBUG] Including module specific hook file for custom/modules/Users
Mon Mar 31 00:09:32 2025 [11570][-none-][DEBUG] Retrieve User : SELECT users.* FROM users  WHERE users.id = '1' AND users.deleted=0
Mon Mar 31 00:09:32 2025 [11570][-none-][DEBUG] Limit Query:SELECT users.* FROM users  WHERE users.id = '1' AND users.deleted=0 Start: 0 count: 1
Mon Mar 31 00:09:32 2025 [11570][-none-][INFO] Query:SELECT users.* FROM users  WHERE users.id = '1' AND users.deleted=0 LIMIT 0,1
Mon Mar 31 00:09:32 2025 [11570][-none-][INFO] Query Execution Time:0.00044083595275879
Mon Mar 31 00:09:32 2025 [11570][1][DEBUG] get_user_array query: SELECT id, first_name, last_name, user_name FROM users WHERE 1=1 ORDER BY first_name, last_name ASC
Mon Mar 31 00:09:32 2025 [11570][1][INFO] Query:SELECT id, first_name, last_name, user_name FROM users WHERE 1=1 ORDER BY first_name, last_name ASC
Mon Mar 31 00:09:32 2025 [11570][1][INFO] Query Execution Time:0.00028085708618164
Mon Mar 31 00:09:32 2025 [11570][1][INFO] Query:SELECT u1.first_name, u1.last_name from users  u1, users  u2 where u1.id = u2.reports_to_id AND u2.id = '1' and u1.deleted=0
Mon Mar 31 00:09:32 2025 [11570][1][INFO] Query Execution Time:0.00020599365234375
Mon Mar 31 00:09:32 2025 [11570][1][DEBUG] SugarBean[User].load_relationships, Loading relationship (reports_to_link).
Mon Mar 31 00:09:32 2025 [11570][1][INFO] Query:SELECT 
                    ea.email_address,
                    ea.email_address_caps,
                    ea.invalid_email,
                    ea.opt_out,
                    ea.confirm_opt_in,
                    ea.date_created,
                    ea.date_modified,
                    ear.id,
                    ear.email_address_id,
                    ear.bean_id,
                    ear.bean_module,
                    ear.primary_address,
                    ear.reply_to_address,
                    ear.deleted
                FROM email_addresses ea LEFT JOIN email_addr_bean_rel ear ON ea.id = ear.email_address_id
                WHERE 
                    ear.bean_module = 'Users'
                    AND ear.bean_id = '1'
                    AND ear.deleted = 0
                ORDER BY ear.reply_to_address, ear.primary_address DESC
Mon Mar 31 00:09:32 2025 [11570][1][INFO] Query Execution Time:0.00043797492980957
Mon Mar 31 00:09:32 2025 [11570][1][DEBUG] Hook called: Users::after_retrieve
Mon Mar 31 00:09:32 2025 [11570][1][DEBUG] FACTOR AUTH: -------------------------------------------------------------
Mon Mar 31 00:09:32 2025 [11570][1][DEBUG] FACTOR AUTH: --------------------- CHECK FACTOR AUtH ---------------------
Mon Mar 31 00:09:32 2025 [11570][1][DEBUG] FACTOR AUTH: -------------------------------------------------------------
Mon Mar 31 00:09:32 2025 [11570][1][DEBUG] FACTOR AUTH: User needs factor auth, request is not Logout
Mon Mar 31 00:09:32 2025 [11570][1][DEBUG] FACTOR AUTH: User does`nt need factor auth
Mon Mar 31 00:09:32 2025 [11570][1][DEBUG] Current user is: admin
Mon Mar 31 00:09:32 2025 [11570][1][DEBUG] Current user is: admin
Mon Mar 31 00:09:32 2025 [11570][1][DEBUG] setting cookie ck_login_id_20 to 1
Mon Mar 31 00:09:32 2025 [11570][1][DEBUG] setting cookie ck_login_language_20 to en_us
Mon Mar 31 00:09:33 2025 [11570][1][DEBUG] current_language is: en_us
Mon Mar 31 00:09:33 2025 [11570][1][INFO] Found language file: en_us.lang.php
Mon Mar 31 00:09:33 2025 [11570][1][INFO] Found extended language file: en_us.lang.ext.php
Mon Mar 31 00:09:33 2025 [11570][1][DEBUG] SuiteCRM\ModuleInstall\ExtensionManager::compileExtensionFiles() : Merging module files in custom/Extension/modules/<module>/Language to custom/modules/<module>/Language/en_us.lang.ext.php
Mon Mar 31 00:09:33 2025 [11570][1][DEBUG] Merging application files for en_us.lang.ext.php in Language
Mon Mar 31 00:09:33 2025 [11570][1][DEBUG] rebuilding cache for Favorites
Mon Mar 31 00:09:33 2025 [11570][1][INFO] Query:SELECT * FROM fields_meta_data WHERE  custom_module='Favorites' AND  deleted = 0
Mon Mar 31 00:09:33 2025 [11570][1][INFO] Query Execution Time:0.00041389465332031
Mon Mar 31 00:09:33 2025 [11570][1][DEBUG] Performing action: action_check_favorite MODULE: Favorites
Mon Mar 31 00:09:33 2025 [11570][1][INFO] Get One: |SELECT id FROM favorites WHERE parent_id= '940a4212-b322-88a4-4287-67e99bcb014f' AND parent_type = 'TEST_PhoneNumbers' AND assigned_user_id = '1' AND deleted = 0 ORDER BY date_entered DESC|
Mon Mar 31 00:09:33 2025 [11570][1][DEBUG] Limit Query:SELECT id FROM favorites WHERE parent_id= '940a4212-b322-88a4-4287-67e99bcb014f' AND parent_type = 'TEST_PhoneNumbers' AND assigned_user_id = '1' AND deleted = 0 ORDER BY date_entered DESC Start: 0 count: 1
Mon Mar 31 00:09:33 2025 [11570][1][INFO] Query:SELECT id FROM favorites WHERE parent_id= '940a4212-b322-88a4-4287-67e99bcb014f' AND parent_type = 'TEST_PhoneNumbers' AND assigned_user_id = '1' AND deleted = 0 ORDER BY date_entered DESC LIMIT 0,1
Mon Mar 31 00:09:33 2025 [11570][1][INFO] Query Execution Time:0.0004570484161377
Mon Mar 31 00:09:33 2025 [11570][1][DEPRECATED] Array
(
)

Mon Mar 31 00:09:33 2025 [11570][1][DEBUG] Hook called: Favorites::after_ui_frame
Mon Mar 31 00:09:33 2025 [11570][1][DEBUG] Creating new instance of hook class hooks without parameters
Mon Mar 31 00:09:33 2025 [11570][1][DEBUG] Creating new instance of hook class AssignGroups without parameters
Mon Mar 31 00:09:33 2025 [11570][1][DEBUG] Hook called: ::after_ui_footer
Mon Mar 31 00:09:33 2025 [11570][1][DEBUG] Creating new instance of hook class AssignGroups without parameters
Mon Mar 31 00:09:33 2025 [11570][1][DEBUG] Hook called: ::server_round_trip
Mon Mar 31 00:09:33 2025 [11570][1][DEBUG] Calling MySQLi::disconnect()
Mon Mar 31 00:09:39 2025 [11166][-none-][DEBUG] current_language is: en_us
Mon Mar 31 00:09:39 2025 [11166][-none-][DEBUG] Found cache backend SugarCacheAPC
Mon Mar 31 00:09:39 2025 [11166][-none-][DEBUG] Found cache backend SugarCacheFile
Mon Mar 31 00:09:39 2025 [11166][-none-][DEBUG] Found cache backend SugarCacheMemcache
Mon Mar 31 00:09:39 2025 [11166][-none-][DEBUG] Found cache backend SugarCacheMemcached
Mon Mar 31 00:09:39 2025 [11166][-none-][DEBUG] Found cache backend SugarCacheMemory
Mon Mar 31 00:09:39 2025 [11166][-none-][DEBUG] Using cache backend SugarCacheMemory, since 999 is less than 1000
Mon Mar 31 00:09:39 2025 [11166][-none-][DEBUG] Found cache backend SugarCacheRedis
Mon Mar 31 00:09:39 2025 [11166][-none-][DEBUG] Found cache backend SugarCachesMash
Mon Mar 31 00:09:39 2025 [11166][-none-][DEBUG] Found cache backend SugarCacheWincache
Mon Mar 31 00:09:39 2025 [11166][-none-][DEBUG] Found cache backend SugarCacheZend
Mon Mar 31 00:09:39 2025 [11166][-none-][INFO] Found language file: en_us.lang.php
Mon Mar 31 00:09:39 2025 [11166][-none-][INFO] Found extended language file: en_us.lang.ext.php
Mon Mar 31 00:09:39 2025 [11166][-none-][WARN] Configuration variable date.timezone is not set, guessed timezone UTC. Please set date.timezone="UTC" in php.ini!
Mon Mar 31 00:09:39 2025 [11166][-none-][INFO] Query:SELECT id, name, symbol, conversion_rate FROM currencies WHERE status = 'Active' and deleted = 0
Mon Mar 31 00:09:39 2025 [11166][-none-][INFO] Query Execution Time:0.00028896331787109
Mon Mar 31 00:09:39 2025 [11166][-none-][DEBUG] rebuilding cache for Users
Mon Mar 31 00:09:39 2025 [11166][-none-][INFO] Query:SELECT * FROM fields_meta_data WHERE  custom_module='Users' AND  deleted = 0
Mon Mar 31 00:09:39 2025 [11166][-none-][INFO] Query Execution Time:0.00038504600524902
Mon Mar 31 00:09:39 2025 [11166][-none-][DEBUG] rebuilding cache for Employees
Mon Mar 31 00:09:39 2025 [11166][-none-][INFO] Query:SELECT * FROM fields_meta_data WHERE  custom_module='Employees' AND  deleted = 0
Mon Mar 31 00:09:39 2025 [11166][-none-][INFO] Query Execution Time:0.00041604042053223
Mon Mar 31 00:09:40 2025 [11166][-none-][DEBUG] rebuilding cache for EmailAddresses
Mon Mar 31 00:09:40 2025 [11166][-none-][INFO] Query:SELECT * FROM fields_meta_data WHERE  custom_module='EmailAddresses' AND  deleted = 0
Mon Mar 31 00:09:40 2025 [11166][-none-][INFO] Query Execution Time:0.0003969669342041
Mon Mar 31 00:09:40 2025 [11166][-none-][DEBUG] rebuilding cache for UserPreferences
Mon Mar 31 00:09:40 2025 [11166][-none-][INFO] Query:SELECT * FROM fields_meta_data WHERE  custom_module='UserPreferences' AND  deleted = 0
Mon Mar 31 00:09:40 2025 [11166][-none-][INFO] Query Execution Time:0.00036001205444336
Mon Mar 31 00:09:40 2025 [11166][-none-][DEBUG] rebuilding cache for Administration
Mon Mar 31 00:09:40 2025 [11166][-none-][INFO] Query:SELECT * FROM fields_meta_data WHERE  custom_module='Administration' AND  deleted = 0
Mon Mar 31 00:09:40 2025 [11166][-none-][INFO] Query Execution Time:0.00036120414733887
Mon Mar 31 00:09:40 2025 [11166][-none-][INFO] Query:SELECT category, name, value FROM config
Mon Mar 31 00:09:40 2025 [11166][-none-][INFO] Query Execution Time:0.00036787986755371
Mon Mar 31 00:09:40 2025 [11166][-none-][INFO] Query:SELECT id FROM outbound_email WHERE type = 'system' AND deleted = 0
Mon Mar 31 00:09:40 2025 [11166][-none-][INFO] Query Execution Time:0.00022983551025391
Mon Mar 31 00:09:40 2025 [11166][-none-][INFO] Query:SELECT * FROM outbound_email WHERE id = '9f511e14-b421-834c-19d7-67e81d8d1ac8'
Mon Mar 31 00:09:40 2025 [11166][-none-][INFO] Query Execution Time:0.00044894218444824
Mon Mar 31 00:09:40 2025 [11166][-none-][DEBUG] Hook called: ::after_entry_point
Mon Mar 31 00:09:40 2025 [11166][-none-][DEBUG] Including module specific hook file for custom/modules
Mon Mar 31 00:09:40 2025 [11166][-none-][DEBUG] Including Ext hook file for custom/application
Mon Mar 31 00:09:40 2025 [11166][-none-][DEBUG] Hook called: ::after_session_start
Mon Mar 31 00:09:40 2025 [11166][-none-][DEBUG] Unable to find SugarController:: get
Mon Mar 31 00:09:40 2025 [11166][-none-][DEBUG] We have an authenticated user id: 1
Mon Mar 31 00:09:40 2025 [11166][-none-][DEBUG] Hook called: Users::before_retrieve
Mon Mar 31 00:09:40 2025 [11166][-none-][DEBUG] Including module specific hook file for custom/modules/Users
Mon Mar 31 00:09:40 2025 [11166][-none-][DEBUG] Retrieve User : SELECT users.* FROM users  WHERE users.id = '1' AND users.deleted=0
Mon Mar 31 00:09:40 2025 [11166][-none-][DEBUG] Limit Query:SELECT users.* FROM users  WHERE users.id = '1' AND users.deleted=0 Start: 0 count: 1
Mon Mar 31 00:09:40 2025 [11166][-none-][INFO] Query:SELECT users.* FROM users  WHERE users.id = '1' AND users.deleted=0 LIMIT 0,1
Mon Mar 31 00:09:40 2025 [11166][-none-][INFO] Query Execution Time:0.00042605400085449
Mon Mar 31 00:09:40 2025 [11166][1][DEBUG] get_user_array query: SELECT id, first_name, last_name, user_name FROM users WHERE 1=1 ORDER BY first_name, last_name ASC
Mon Mar 31 00:09:40 2025 [11166][1][INFO] Query:SELECT id, first_name, last_name, user_name FROM users WHERE 1=1 ORDER BY first_name, last_name ASC
Mon Mar 31 00:09:40 2025 [11166][1][INFO] Query Execution Time:0.00038909912109375
Mon Mar 31 00:09:40 2025 [11166][1][INFO] Query:SELECT u1.first_name, u1.last_name from users  u1, users  u2 where u1.id = u2.reports_to_id AND u2.id = '1' and u1.deleted=0
Mon Mar 31 00:09:40 2025 [11166][1][INFO] Query Execution Time:0.00025081634521484
Mon Mar 31 00:09:40 2025 [11166][1][DEBUG] SugarBean[User].load_relationships, Loading relationship (reports_to_link).
Mon Mar 31 00:09:40 2025 [11166][1][INFO] Query:SELECT 
                    ea.email_address,
                    ea.email_address_caps,
                    ea.invalid_email,
                    ea.opt_out,
                    ea.confirm_opt_in,
                    ea.date_created,
                    ea.date_modified,
                    ear.id,
                    ear.email_address_id,
                    ear.bean_id,
                    ear.bean_module,
                    ear.primary_address,
                    ear.reply_to_address,
                    ear.deleted
                FROM email_addresses ea LEFT JOIN email_addr_bean_rel ear ON ea.id = ear.email_address_id
                WHERE 
                    ear.bean_module = 'Users'
                    AND ear.bean_id = '1'
                    AND ear.deleted = 0
                ORDER BY ear.reply_to_address, ear.primary_address DESC
Mon Mar 31 00:09:40 2025 [11166][1][INFO] Query Execution Time:0.00049090385437012
Mon Mar 31 00:09:40 2025 [11166][1][DEBUG] Hook called: Users::after_retrieve
Mon Mar 31 00:09:40 2025 [11166][1][DEBUG] FACTOR AUTH: -------------------------------------------------------------
Mon Mar 31 00:09:40 2025 [11166][1][DEBUG] FACTOR AUTH: --------------------- CHECK FACTOR AUtH ---------------------
Mon Mar 31 00:09:40 2025 [11166][1][DEBUG] FACTOR AUTH: -------------------------------------------------------------
Mon Mar 31 00:09:40 2025 [11166][1][DEBUG] FACTOR AUTH: User needs factor auth, request is not Logout
Mon Mar 31 00:09:40 2025 [11166][1][DEBUG] FACTOR AUTH: User does`nt need factor auth
Mon Mar 31 00:09:40 2025 [11166][1][DEBUG] Current user is: admin
Mon Mar 31 00:09:40 2025 [11166][1][DEBUG] Current user is: admin
Mon Mar 31 00:09:40 2025 [11166][1][DEBUG] setting cookie ck_login_id_20 to 1
Mon Mar 31 00:09:40 2025 [11166][1][DEBUG] setting cookie ck_login_language_20 to en_us
Mon Mar 31 00:09:40 2025 [11166][1][DEBUG] current_language is: en_us
Mon Mar 31 00:09:40 2025 [11166][1][INFO] Found language file: en_us.lang.php
Mon Mar 31 00:09:40 2025 [11166][1][INFO] Found extended language file: en_us.lang.ext.php
Mon Mar 31 00:09:40 2025 [11166][1][DEBUG] SuiteCRM\ModuleInstall\ExtensionManager::compileExtensionFiles() : Merging module files in custom/Extension/modules/<module>/Language to custom/modules/<module>/Language/en_us.lang.ext.php
Mon Mar 31 00:09:41 2025 [11166][1][DEBUG] Merging application files for en_us.lang.ext.php in Language
Mon Mar 31 00:09:41 2025 [11166][1][DEBUG] rebuilding cache for Alerts
Mon Mar 31 00:09:41 2025 [11166][1][INFO] Query:SELECT * FROM fields_meta_data WHERE  custom_module='Alerts' AND  deleted = 0
Mon Mar 31 00:09:41 2025 [11166][1][INFO] Query Execution Time:0.00039887428283691
Mon Mar 31 00:09:41 2025 [11166][1][DEBUG] Performing action: action_get MODULE: Alerts
Mon Mar 31 00:09:41 2025 [11166][1][DEBUG] get_full_list:  order_by = 'alerts.date_entered' and where = 'alerts.assigned_user_id = '1' AND is_read != '1''
Mon Mar 31 00:09:41 2025 [11166][1][DEBUG] Hook called: Alerts::before_acl_query
Mon Mar 31 00:09:41 2025 [11166][1][DEBUG] SugarBean[Alert].load_relationships, Loading relationship (modified_user_link).
Mon Mar 31 00:09:41 2025 [11166][1][DEBUG] SugarBean[Alert].load_relationships, Loading relationship (created_by_link).
Mon Mar 31 00:09:41 2025 [11166][1][DEBUG] SugarBean[Alert].load_relationships, Loading relationship (assigned_user_link).
Mon Mar 31 00:09:41 2025 [11166][1][DEBUG] process_order_by: (alerts.date_entered) does not have a vardef entry.
Mon Mar 31 00:09:41 2025 [11166][1][DEBUG] process_full_list_query: query is  SELECT  alerts.*  , jt0.user_name modified_by_name , jt0.created_by modified_by_name_owner  , 'Users' modified_by_name_mod , jt1.user_name created_by_name , jt1.created_by created_by_name_owner  , 'Users' created_by_name_mod , jt2.user_name assigned_user_name , jt2.created_by assigned_user_name_owner  , 'Users' assigned_user_name_mod FROM alerts   LEFT JOIN  users jt0 ON alerts.modified_user_id=jt0.id AND jt0.deleted=0

 AND jt0.deleted=0  LEFT JOIN  users jt1 ON alerts.created_by=jt1.id AND jt1.deleted=0

 AND jt1.deleted=0  LEFT JOIN  users jt2 ON alerts.assigned_user_id=jt2.id AND jt2.deleted=0

 AND jt2.deleted=0 where (alerts.assigned_user_id = '1' AND is_read != '1') AND alerts.deleted=0
Mon Mar 31 00:09:41 2025 [11166][1][INFO] Query: SELECT  alerts.*  , jt0.user_name modified_by_name , jt0.created_by modified_by_name_owner  , 'Users' modified_by_name_mod , jt1.user_name created_by_name , jt1.created_by created_by_name_owner  , 'Users' created_by_name_mod , jt2.user_name assigned_user_name , jt2.created_by assigned_user_name_owner  , 'Users' assigned_user_name_mod FROM alerts   LEFT JOIN  users jt0 ON alerts.modified_user_id=jt0.id AND jt0.deleted=0

 AND jt0.deleted=0  LEFT JOIN  users jt1 ON alerts.created_by=jt1.id AND jt1.deleted=0

 AND jt1.deleted=0  LEFT JOIN  users jt2 ON alerts.assigned_user_id=jt2.id AND jt2.deleted=0

 AND jt2.deleted=0 where (alerts.assigned_user_id = '1' AND is_read != '1') AND alerts.deleted=0
Mon Mar 31 00:09:41 2025 [11166][1][INFO] Query Execution Time:0.00070595741271973
Mon Mar 31 00:09:41 2025 [11166][1][DEBUG] process_full_list_query: result is mysqli_result Object
(
    [current_field] => 0
    [field_count] => 23
    [lengths] => 
    [num_rows] => 0
    [type] => 0
)

Mon Mar 31 00:09:41 2025 [11166][1][DEPRECATED] Array
(
)

Mon Mar 31 00:09:41 2025 [11166][1][DEBUG] Hook called: ::server_round_trip
Mon Mar 31 00:09:41 2025 [11166][1][DEBUG] Calling MySQLi::disconnect()
Mon Mar 31 00:10:44 2025 [9581][-none-][DEBUG] current_language is: en_us
Mon Mar 31 00:10:44 2025 [9581][-none-][DEBUG] Found cache backend SugarCacheAPC
Mon Mar 31 00:10:44 2025 [9581][-none-][DEBUG] Found cache backend SugarCacheFile
Mon Mar 31 00:10:44 2025 [9581][-none-][DEBUG] Found cache backend SugarCacheMemcache
Mon Mar 31 00:10:44 2025 [9581][-none-][DEBUG] Found cache backend SugarCacheMemcached
Mon Mar 31 00:10:44 2025 [9581][-none-][DEBUG] Found cache backend SugarCacheMemory
Mon Mar 31 00:10:44 2025 [9581][-none-][DEBUG] Using cache backend SugarCacheMemory, since 999 is less than 1000
Mon Mar 31 00:10:44 2025 [9581][-none-][DEBUG] Found cache backend SugarCacheRedis
Mon Mar 31 00:10:44 2025 [9581][-none-][DEBUG] Found cache backend SugarCachesMash
Mon Mar 31 00:10:44 2025 [9581][-none-][DEBUG] Found cache backend SugarCacheWincache
Mon Mar 31 00:10:44 2025 [9581][-none-][DEBUG] Found cache backend SugarCacheZend
Mon Mar 31 00:10:44 2025 [9581][-none-][INFO] Found language file: en_us.lang.php
Mon Mar 31 00:10:44 2025 [9581][-none-][INFO] Found extended language file: en_us.lang.ext.php
Mon Mar 31 00:10:44 2025 [9581][-none-][WARN] Configuration variable date.timezone is not set, guessed timezone UTC. Please set date.timezone="UTC" in php.ini!
Mon Mar 31 00:10:44 2025 [9581][-none-][INFO] Query:SELECT id, name, symbol, conversion_rate FROM currencies WHERE status = 'Active' and deleted = 0
Mon Mar 31 00:10:44 2025 [9581][-none-][INFO] Query Execution Time:0.00041389465332031
Mon Mar 31 00:10:44 2025 [9581][-none-][DEBUG] rebuilding cache for Users
Mon Mar 31 00:10:44 2025 [9581][-none-][INFO] Query:SELECT * FROM fields_meta_data WHERE  custom_module='Users' AND  deleted = 0
Mon Mar 31 00:10:44 2025 [9581][-none-][INFO] Query Execution Time:0.00045108795166016
Mon Mar 31 00:10:45 2025 [9581][-none-][DEBUG] rebuilding cache for Employees
Mon Mar 31 00:10:45 2025 [9581][-none-][INFO] Query:SELECT * FROM fields_meta_data WHERE  custom_module='Employees' AND  deleted = 0
Mon Mar 31 00:10:45 2025 [9581][-none-][INFO] Query Execution Time:0.00040006637573242
Mon Mar 31 00:10:45 2025 [9581][-none-][DEBUG] rebuilding cache for EmailAddresses
Mon Mar 31 00:10:45 2025 [9581][-none-][INFO] Query:SELECT * FROM fields_meta_data WHERE  custom_module='EmailAddresses' AND  deleted = 0
Mon Mar 31 00:10:45 2025 [9581][-none-][INFO] Query Execution Time:0.00035619735717773
Mon Mar 31 00:10:45 2025 [9581][-none-][DEBUG] rebuilding cache for UserPreferences
Mon Mar 31 00:10:45 2025 [9581][-none-][INFO] Query:SELECT * FROM fields_meta_data WHERE  custom_module='UserPreferences' AND  deleted = 0
Mon Mar 31 00:10:45 2025 [9581][-none-][INFO] Query Execution Time:0.00041794776916504
Mon Mar 31 00:10:45 2025 [9581][-none-][DEBUG] rebuilding cache for Administration
Mon Mar 31 00:10:45 2025 [9581][-none-][INFO] Query:SELECT * FROM fields_meta_data WHERE  custom_module='Administration' AND  deleted = 0
Mon Mar 31 00:10:45 2025 [9581][-none-][INFO] Query Execution Time:0.00040888786315918
Mon Mar 31 00:10:45 2025 [9581][-none-][INFO] Query:SELECT category, name, value FROM config
Mon Mar 31 00:10:45 2025 [9581][-none-][INFO] Query Execution Time:0.00034499168395996
Mon Mar 31 00:10:45 2025 [9581][-none-][INFO] Query:SELECT id FROM outbound_email WHERE type = 'system' AND deleted = 0
Mon Mar 31 00:10:45 2025 [9581][-none-][INFO] Query Execution Time:0.00027108192443848
Mon Mar 31 00:10:45 2025 [9581][-none-][INFO] Query:SELECT * FROM outbound_email WHERE id = '9f511e14-b421-834c-19d7-67e81d8d1ac8'
Mon Mar 31 00:10:45 2025 [9581][-none-][INFO] Query Execution Time:0.00033283233642578
Mon Mar 31 00:10:45 2025 [9581][-none-][DEBUG] Hook called: ::after_entry_point
Mon Mar 31 00:10:45 2025 [9581][-none-][DEBUG] Including module specific hook file for custom/modules
Mon Mar 31 00:10:45 2025 [9581][-none-][DEBUG] Including Ext hook file for custom/application
Mon Mar 31 00:10:45 2025 [9581][-none-][DEBUG] Hook called: ::after_session_start
Mon Mar 31 00:10:45 2025 [9581][-none-][DEBUG] Unable to find SugarController:: get
Mon Mar 31 00:10:45 2025 [9581][-none-][DEBUG] We have an authenticated user id: 1
Mon Mar 31 00:10:45 2025 [9581][-none-][DEBUG] Hook called: Users::before_retrieve
Mon Mar 31 00:10:45 2025 [9581][-none-][DEBUG] Including module specific hook file for custom/modules/Users
Mon Mar 31 00:10:45 2025 [9581][-none-][DEBUG] Retrieve User : SELECT users.* FROM users  WHERE users.id = '1' AND users.deleted=0
Mon Mar 31 00:10:45 2025 [9581][-none-][DEBUG] Limit Query:SELECT users.* FROM users  WHERE users.id = '1' AND users.deleted=0 Start: 0 count: 1
Mon Mar 31 00:10:45 2025 [9581][-none-][INFO] Query:SELECT users.* FROM users  WHERE users.id = '1' AND users.deleted=0 LIMIT 0,1
Mon Mar 31 00:10:45 2025 [9581][-none-][INFO] Query Execution Time:0.00040411949157715
Mon Mar 31 00:10:45 2025 [9581][1][DEBUG] get_user_array query: SELECT id, first_name, last_name, user_name FROM users WHERE 1=1 ORDER BY first_name, last_name ASC
Mon Mar 31 00:10:45 2025 [9581][1][INFO] Query:SELECT id, first_name, last_name, user_name FROM users WHERE 1=1 ORDER BY first_name, last_name ASC
Mon Mar 31 00:10:45 2025 [9581][1][INFO] Query Execution Time:0.00024294853210449
Mon Mar 31 00:10:45 2025 [9581][1][INFO] Query:SELECT u1.first_name, u1.last_name from users  u1, users  u2 where u1.id = u2.reports_to_id AND u2.id = '1' and u1.deleted=0
Mon Mar 31 00:10:45 2025 [9581][1][INFO] Query Execution Time:0.00018811225891113
Mon Mar 31 00:10:45 2025 [9581][1][DEBUG] SugarBean[User].load_relationships, Loading relationship (reports_to_link).
Mon Mar 31 00:10:45 2025 [9581][1][INFO] Query:SELECT 
                    ea.email_address,
                    ea.email_address_caps,
                    ea.invalid_email,
                    ea.opt_out,
                    ea.confirm_opt_in,
                    ea.date_created,
                    ea.date_modified,
                    ear.id,
                    ear.email_address_id,
                    ear.bean_id,
                    ear.bean_module,
                    ear.primary_address,
                    ear.reply_to_address,
                    ear.deleted
                FROM email_addresses ea LEFT JOIN email_addr_bean_rel ear ON ea.id = ear.email_address_id
                WHERE 
                    ear.bean_module = 'Users'
                    AND ear.bean_id = '1'
                    AND ear.deleted = 0
                ORDER BY ear.reply_to_address, ear.primary_address DESC
Mon Mar 31 00:10:45 2025 [9581][1][INFO] Query Execution Time:0.00043606758117676
Mon Mar 31 00:10:45 2025 [9581][1][DEBUG] Hook called: Users::after_retrieve
Mon Mar 31 00:10:45 2025 [9581][1][DEBUG] FACTOR AUTH: -------------------------------------------------------------
Mon Mar 31 00:10:45 2025 [9581][1][DEBUG] FACTOR AUTH: --------------------- CHECK FACTOR AUtH ---------------------
Mon Mar 31 00:10:45 2025 [9581][1][DEBUG] FACTOR AUTH: -------------------------------------------------------------
Mon Mar 31 00:10:45 2025 [9581][1][DEBUG] FACTOR AUTH: User needs factor auth, request is not Logout
Mon Mar 31 00:10:45 2025 [9581][1][DEBUG] FACTOR AUTH: User does`nt need factor auth
Mon Mar 31 00:10:45 2025 [9581][1][DEBUG] Current user is: admin
Mon Mar 31 00:10:45 2025 [9581][1][DEBUG] Current user is: admin
Mon Mar 31 00:10:45 2025 [9581][1][DEBUG] setting cookie ck_login_id_20 to 1
Mon Mar 31 00:10:45 2025 [9581][1][DEBUG] setting cookie ck_login_language_20 to en_us
Mon Mar 31 00:10:45 2025 [9581][1][DEBUG] current_language is: en_us
Mon Mar 31 00:10:45 2025 [9581][1][INFO] Found language file: en_us.lang.php
Mon Mar 31 00:10:45 2025 [9581][1][INFO] Found extended language file: en_us.lang.ext.php
Mon Mar 31 00:10:46 2025 [9581][1][DEBUG] SuiteCRM\ModuleInstall\ExtensionManager::compileExtensionFiles() : Merging module files in custom/Extension/modules/<module>/Language to custom/modules/<module>/Language/en_us.lang.ext.php
Mon Mar 31 00:10:46 2025 [9581][1][DEBUG] Merging application files for en_us.lang.ext.php in Language
Mon Mar 31 00:10:46 2025 [9581][1][DEBUG] rebuilding cache for Alerts
Mon Mar 31 00:10:46 2025 [9581][1][INFO] Query:SELECT * FROM fields_meta_data WHERE  custom_module='Alerts' AND  deleted = 0
Mon Mar 31 00:10:46 2025 [9581][1][INFO] Query Execution Time:0.00040602684020996
Mon Mar 31 00:10:46 2025 [9581][1][DEBUG] Performing action: action_get MODULE: Alerts
Mon Mar 31 00:10:46 2025 [9581][1][DEBUG] get_full_list:  order_by = 'alerts.date_entered' and where = 'alerts.assigned_user_id = '1' AND is_read != '1''
Mon Mar 31 00:10:46 2025 [9581][1][DEBUG] Hook called: Alerts::before_acl_query
Mon Mar 31 00:10:46 2025 [9581][1][DEBUG] SugarBean[Alert].load_relationships, Loading relationship (modified_user_link).
Mon Mar 31 00:10:46 2025 [9581][1][DEBUG] SugarBean[Alert].load_relationships, Loading relationship (created_by_link).
Mon Mar 31 00:10:46 2025 [9581][1][DEBUG] SugarBean[Alert].load_relationships, Loading relationship (assigned_user_link).
Mon Mar 31 00:10:46 2025 [9581][1][DEBUG] process_order_by: (alerts.date_entered) does not have a vardef entry.
Mon Mar 31 00:10:46 2025 [9581][1][DEBUG] process_full_list_query: query is  SELECT  alerts.*  , jt0.user_name modified_by_name , jt0.created_by modified_by_name_owner  , 'Users' modified_by_name_mod , jt1.user_name created_by_name , jt1.created_by created_by_name_owner  , 'Users' created_by_name_mod , jt2.user_name assigned_user_name , jt2.created_by assigned_user_name_owner  , 'Users' assigned_user_name_mod FROM alerts   LEFT JOIN  users jt0 ON alerts.modified_user_id=jt0.id AND jt0.deleted=0

 AND jt0.deleted=0  LEFT JOIN  users jt1 ON alerts.created_by=jt1.id AND jt1.deleted=0

 AND jt1.deleted=0  LEFT JOIN  users jt2 ON alerts.assigned_user_id=jt2.id AND jt2.deleted=0

 AND jt2.deleted=0 where (alerts.assigned_user_id = '1' AND is_read != '1') AND alerts.deleted=0
Mon Mar 31 00:10:46 2025 [9581][1][INFO] Query: SELECT  alerts.*  , jt0.user_name modified_by_name , jt0.created_by modified_by_name_owner  , 'Users' modified_by_name_mod , jt1.user_name created_by_name , jt1.created_by created_by_name_owner  , 'Users' created_by_name_mod , jt2.user_name assigned_user_name , jt2.created_by assigned_user_name_owner  , 'Users' assigned_user_name_mod FROM alerts   LEFT JOIN  users jt0 ON alerts.modified_user_id=jt0.id AND jt0.deleted=0

 AND jt0.deleted=0  LEFT JOIN  users jt1 ON alerts.created_by=jt1.id AND jt1.deleted=0

 AND jt1.deleted=0  LEFT JOIN  users jt2 ON alerts.assigned_user_id=jt2.id AND jt2.deleted=0

 AND jt2.deleted=0 where (alerts.assigned_user_id = '1' AND is_read != '1') AND alerts.deleted=0
Mon Mar 31 00:10:46 2025 [9581][1][INFO] Query Execution Time:0.00047183036804199
Mon Mar 31 00:10:46 2025 [9581][1][DEBUG] process_full_list_query: result is mysqli_result Object
(
    [current_field] => 0
    [field_count] => 23
    [lengths] => 
    [num_rows] => 0
    [type] => 0
)

Mon Mar 31 00:10:46 2025 [9581][1][DEPRECATED] Array
(
)

Mon Mar 31 00:10:46 2025 [9581][1][DEBUG] Hook called: ::server_round_trip
Mon Mar 31 00:10:46 2025 [9581][1][DEBUG] Calling MySQLi::disconnect()
Mon Mar 31 00:14:11 2025 [11570][-none-][DEBUG] current_language is: en_us
Mon Mar 31 00:14:11 2025 [11570][-none-][DEBUG] Found cache backend SugarCacheAPC
Mon Mar 31 00:14:11 2025 [11570][-none-][DEBUG] Found cache backend SugarCacheFile
Mon Mar 31 00:14:11 2025 [11570][-none-][DEBUG] Found cache backend SugarCacheMemcache
Mon Mar 31 00:14:11 2025 [11570][-none-][DEBUG] Found cache backend SugarCacheMemcached
Mon Mar 31 00:14:11 2025 [11570][-none-][DEBUG] Found cache backend SugarCacheMemory
Mon Mar 31 00:14:11 2025 [11570][-none-][DEBUG] Using cache backend SugarCacheMemory, since 999 is less than 1000
Mon Mar 31 00:14:11 2025 [11570][-none-][DEBUG] Found cache backend SugarCacheRedis
Mon Mar 31 00:14:11 2025 [11570][-none-][DEBUG] Found cache backend SugarCachesMash
Mon Mar 31 00:14:11 2025 [11570][-none-][DEBUG] Found cache backend SugarCacheWincache
Mon Mar 31 00:14:11 2025 [11570][-none-][DEBUG] Found cache backend SugarCacheZend
Mon Mar 31 00:14:11 2025 [11570][-none-][INFO] Found language file: en_us.lang.php
Mon Mar 31 00:14:11 2025 [11570][-none-][INFO] Found extended language file: en_us.lang.ext.php
Mon Mar 31 00:14:11 2025 [11570][-none-][WARN] Configuration variable date.timezone is not set, guessed timezone UTC. Please set date.timezone="UTC" in php.ini!
Mon Mar 31 00:14:11 2025 [11570][-none-][INFO] Query:SELECT id, name, symbol, conversion_rate FROM currencies WHERE status = 'Active' and deleted = 0
Mon Mar 31 00:14:11 2025 [11570][-none-][INFO] Query Execution Time:0.00035905838012695
Mon Mar 31 00:14:11 2025 [11570][-none-][DEBUG] rebuilding cache for Users
Mon Mar 31 00:14:11 2025 [11570][-none-][INFO] Query:SELECT * FROM fields_meta_data WHERE  custom_module='Users' AND  deleted = 0
Mon Mar 31 00:14:11 2025 [11570][-none-][INFO] Query Execution Time:0.00040507316589355
Mon Mar 31 00:14:11 2025 [11570][-none-][DEBUG] rebuilding cache for Employees
Mon Mar 31 00:14:11 2025 [11570][-none-][INFO] Query:SELECT * FROM fields_meta_data WHERE  custom_module='Employees' AND  deleted = 0
Mon Mar 31 00:14:11 2025 [11570][-none-][INFO] Query Execution Time:0.0003972053527832
Mon Mar 31 00:14:11 2025 [11570][-none-][DEBUG] rebuilding cache for EmailAddresses
Mon Mar 31 00:14:11 2025 [11570][-none-][INFO] Query:SELECT * FROM fields_meta_data WHERE  custom_module='EmailAddresses' AND  deleted = 0
Mon Mar 31 00:14:11 2025 [11570][-none-][INFO] Query Execution Time:0.00049710273742676
Mon Mar 31 00:14:11 2025 [11570][-none-][DEBUG] rebuilding cache for UserPreferences
Mon Mar 31 00:14:11 2025 [11570][-none-][INFO] Query:SELECT * FROM fields_meta_data WHERE  custom_module='UserPreferences' AND  deleted = 0
Mon Mar 31 00:14:11 2025 [11570][-none-][INFO] Query Execution Time:0.00037288665771484
Mon Mar 31 00:14:11 2025 [11570][-none-][DEBUG] rebuilding cache for Administration
Mon Mar 31 00:14:11 2025 [11570][-none-][INFO] Query:SELECT * FROM fields_meta_data WHERE  custom_module='Administration' AND  deleted = 0
Mon Mar 31 00:14:11 2025 [11570][-none-][INFO] Query Execution Time:0.00037193298339844
Mon Mar 31 00:14:12 2025 [11570][-none-][INFO] Query:SELECT category, name, value FROM config
Mon Mar 31 00:14:12 2025 [11570][-none-][INFO] Query Execution Time:0.00040602684020996
Mon Mar 31 00:14:12 2025 [11570][-none-][INFO] Query:SELECT id FROM outbound_email WHERE type = 'system' AND deleted = 0
Mon Mar 31 00:14:12 2025 [11570][-none-][INFO] Query Execution Time:0.00029397010803223
Mon Mar 31 00:14:12 2025 [11570][-none-][INFO] Query:SELECT * FROM outbound_email WHERE id = '9f511e14-b421-834c-19d7-67e81d8d1ac8'
Mon Mar 31 00:14:12 2025 [11570][-none-][INFO] Query Execution Time:0.00031709671020508
Mon Mar 31 00:14:12 2025 [11570][-none-][DEBUG] Hook called: ::after_entry_point
Mon Mar 31 00:14:12 2025 [11570][-none-][DEBUG] Including module specific hook file for custom/modules
Mon Mar 31 00:14:12 2025 [11570][-none-][DEBUG] Including Ext hook file for custom/application
Mon Mar 31 00:14:12 2025 [11570][-none-][DEBUG] Hook called: ::after_session_start
Mon Mar 31 00:14:12 2025 [11570][-none-][DEBUG] Unable to find SugarController:: get
Mon Mar 31 00:14:12 2025 [11570][-none-][DEBUG] We have an authenticated user id: 1
Mon Mar 31 00:14:12 2025 [11570][-none-][DEBUG] Hook called: Users::before_retrieve
Mon Mar 31 00:14:12 2025 [11570][-none-][DEBUG] Including module specific hook file for custom/modules/Users
Mon Mar 31 00:14:12 2025 [11570][-none-][DEBUG] Retrieve User : SELECT users.* FROM users  WHERE users.id = '1' AND users.deleted=0
Mon Mar 31 00:14:12 2025 [11570][-none-][DEBUG] Limit Query:SELECT users.* FROM users  WHERE users.id = '1' AND users.deleted=0 Start: 0 count: 1
Mon Mar 31 00:14:12 2025 [11570][-none-][INFO] Query:SELECT users.* FROM users  WHERE users.id = '1' AND users.deleted=0 LIMIT 0,1
Mon Mar 31 00:14:12 2025 [11570][-none-][INFO] Query Execution Time:0.00044417381286621
Mon Mar 31 00:14:12 2025 [11570][1][DEBUG] get_user_array query: SELECT id, first_name, last_name, user_name FROM users WHERE 1=1 ORDER BY first_name, last_name ASC
Mon Mar 31 00:14:12 2025 [11570][1][INFO] Query:SELECT id, first_name, last_name, user_name FROM users WHERE 1=1 ORDER BY first_name, last_name ASC
Mon Mar 31 00:14:12 2025 [11570][1][INFO] Query Execution Time:0.00025796890258789
Mon Mar 31 00:14:12 2025 [11570][1][INFO] Query:SELECT u1.first_name, u1.last_name from users  u1, users  u2 where u1.id = u2.reports_to_id AND u2.id = '1' and u1.deleted=0
Mon Mar 31 00:14:12 2025 [11570][1][INFO] Query Execution Time:0.00022196769714355
Mon Mar 31 00:14:12 2025 [11570][1][DEBUG] SugarBean[User].load_relationships, Loading relationship (reports_to_link).
Mon Mar 31 00:14:12 2025 [11570][1][INFO] Query:SELECT 
                    ea.email_address,
                    ea.email_address_caps,
                    ea.invalid_email,
                    ea.opt_out,
                    ea.confirm_opt_in,
                    ea.date_created,
                    ea.date_modified,
                    ear.id,
                    ear.email_address_id,
                    ear.bean_id,
                    ear.bean_module,
                    ear.primary_address,
                    ear.reply_to_address,
                    ear.deleted
                FROM email_addresses ea LEFT JOIN email_addr_bean_rel ear ON ea.id = ear.email_address_id
                WHERE 
                    ear.bean_module = 'Users'
                    AND ear.bean_id = '1'
                    AND ear.deleted = 0
                ORDER BY ear.reply_to_address, ear.primary_address DESC
Mon Mar 31 00:14:12 2025 [11570][1][INFO] Query Execution Time:0.00049996376037598
Mon Mar 31 00:14:12 2025 [11570][1][DEBUG] Hook called: Users::after_retrieve
Mon Mar 31 00:14:12 2025 [11570][1][DEBUG] FACTOR AUTH: -------------------------------------------------------------
Mon Mar 31 00:14:12 2025 [11570][1][DEBUG] FACTOR AUTH: --------------------- CHECK FACTOR AUtH ---------------------
Mon Mar 31 00:14:12 2025 [11570][1][DEBUG] FACTOR AUTH: -------------------------------------------------------------
Mon Mar 31 00:14:12 2025 [11570][1][DEBUG] FACTOR AUTH: User needs factor auth, request is not Logout
Mon Mar 31 00:14:12 2025 [11570][1][DEBUG] FACTOR AUTH: User does`nt need factor auth
Mon Mar 31 00:14:12 2025 [11570][1][DEBUG] Current user is: admin
Mon Mar 31 00:14:12 2025 [11570][1][DEBUG] Current user is: admin
Mon Mar 31 00:14:12 2025 [11570][1][DEBUG] setting cookie ck_login_id_20 to 1
Mon Mar 31 00:14:12 2025 [11570][1][DEBUG] setting cookie ck_login_language_20 to en_us
Mon Mar 31 00:14:12 2025 [11570][1][DEBUG] current_language is: en_us
Mon Mar 31 00:14:12 2025 [11570][1][INFO] Found language file: en_us.lang.php
Mon Mar 31 00:14:12 2025 [11570][1][INFO] Found extended language file: en_us.lang.ext.php
Mon Mar 31 00:14:12 2025 [11570][1][DEBUG] SuiteCRM\ModuleInstall\ExtensionManager::compileExtensionFiles() : Merging module files in custom/Extension/modules/<module>/Language to custom/modules/<module>/Language/en_us.lang.ext.php
Mon Mar 31 00:14:12 2025 [11570][1][DEBUG] Merging application files for en_us.lang.ext.php in Language
Mon Mar 31 00:14:12 2025 [11570][1][DEBUG] rebuilding cache for Alerts
Mon Mar 31 00:14:12 2025 [11570][1][INFO] Query:SELECT * FROM fields_meta_data WHERE  custom_module='Alerts' AND  deleted = 0
Mon Mar 31 00:14:12 2025 [11570][1][INFO] Query Execution Time:0.00040984153747559
Mon Mar 31 00:14:12 2025 [11570][1][DEBUG] Performing action: action_get MODULE: Alerts
Mon Mar 31 00:14:12 2025 [11570][1][DEBUG] get_full_list:  order_by = 'alerts.date_entered' and where = 'alerts.assigned_user_id = '1' AND is_read != '1''
Mon Mar 31 00:14:12 2025 [11570][1][DEBUG] Hook called: Alerts::before_acl_query
Mon Mar 31 00:14:12 2025 [11570][1][DEBUG] SugarBean[Alert].load_relationships, Loading relationship (modified_user_link).
Mon Mar 31 00:14:12 2025 [11570][1][DEBUG] SugarBean[Alert].load_relationships, Loading relationship (created_by_link).
Mon Mar 31 00:14:12 2025 [11570][1][DEBUG] SugarBean[Alert].load_relationships, Loading relationship (assigned_user_link).
Mon Mar 31 00:14:12 2025 [11570][1][DEBUG] process_order_by: (alerts.date_entered) does not have a vardef entry.
Mon Mar 31 00:14:12 2025 [11570][1][DEBUG] process_full_list_query: query is  SELECT  alerts.*  , jt0.user_name modified_by_name , jt0.created_by modified_by_name_owner  , 'Users' modified_by_name_mod , jt1.user_name created_by_name , jt1.created_by created_by_name_owner  , 'Users' created_by_name_mod , jt2.user_name assigned_user_name , jt2.created_by assigned_user_name_owner  , 'Users' assigned_user_name_mod FROM alerts   LEFT JOIN  users jt0 ON alerts.modified_user_id=jt0.id AND jt0.deleted=0

 AND jt0.deleted=0  LEFT JOIN  users jt1 ON alerts.created_by=jt1.id AND jt1.deleted=0

 AND jt1.deleted=0  LEFT JOIN  users jt2 ON alerts.assigned_user_id=jt2.id AND jt2.deleted=0

 AND jt2.deleted=0 where (alerts.assigned_user_id = '1' AND is_read != '1') AND alerts.deleted=0
Mon Mar 31 00:14:12 2025 [11570][1][INFO] Query: SELECT  alerts.*  , jt0.user_name modified_by_name , jt0.created_by modified_by_name_owner  , 'Users' modified_by_name_mod , jt1.user_name created_by_name , jt1.created_by created_by_name_owner  , 'Users' created_by_name_mod , jt2.user_name assigned_user_name , jt2.created_by assigned_user_name_owner  , 'Users' assigned_user_name_mod FROM alerts   LEFT JOIN  users jt0 ON alerts.modified_user_id=jt0.id AND jt0.deleted=0

 AND jt0.deleted=0  LEFT JOIN  users jt1 ON alerts.created_by=jt1.id AND jt1.deleted=0

 AND jt1.deleted=0  LEFT JOIN  users jt2 ON alerts.assigned_user_id=jt2.id AND jt2.deleted=0

 AND jt2.deleted=0 where (alerts.assigned_user_id = '1' AND is_read != '1') AND alerts.deleted=0
Mon Mar 31 00:14:12 2025 [11570][1][INFO] Query Execution Time:0.00049686431884766
Mon Mar 31 00:14:12 2025 [11570][1][DEBUG] process_full_list_query: result is mysqli_result Object
(
    [current_field] => 0
    [field_count] => 23
    [lengths] => 
    [num_rows] => 0
    [type] => 0
)

Mon Mar 31 00:14:13 2025 [11570][1][DEPRECATED] Array
(
)

Mon Mar 31 00:14:13 2025 [11570][1][DEBUG] Hook called: ::server_round_trip
Mon Mar 31 00:14:13 2025 [11570][1][DEBUG] Calling MySQLi::disconnect()
Mon Mar 31 00:15:48 2025 [11166][-none-][DEBUG] current_language is: en_us
Mon Mar 31 00:15:48 2025 [11166][-none-][DEBUG] Found cache backend SugarCacheAPC
Mon Mar 31 00:15:48 2025 [11166][-none-][DEBUG] Found cache backend SugarCacheFile
Mon Mar 31 00:15:48 2025 [11166][-none-][DEBUG] Found cache backend SugarCacheMemcache
Mon Mar 31 00:15:48 2025 [11166][-none-][DEBUG] Found cache backend SugarCacheMemcached
Mon Mar 31 00:15:48 2025 [11166][-none-][DEBUG] Found cache backend SugarCacheMemory
Mon Mar 31 00:15:48 2025 [11166][-none-][DEBUG] Using cache backend SugarCacheMemory, since 999 is less than 1000
Mon Mar 31 00:15:48 2025 [11166][-none-][DEBUG] Found cache backend SugarCacheRedis
Mon Mar 31 00:15:48 2025 [11166][-none-][DEBUG] Found cache backend SugarCachesMash
Mon Mar 31 00:15:48 2025 [11166][-none-][DEBUG] Found cache backend SugarCacheWincache
Mon Mar 31 00:15:48 2025 [11166][-none-][DEBUG] Found cache backend SugarCacheZend
Mon Mar 31 00:15:48 2025 [11166][-none-][INFO] Found language file: en_us.lang.php
Mon Mar 31 00:15:48 2025 [11166][-none-][INFO] Found extended language file: en_us.lang.ext.php
Mon Mar 31 00:15:48 2025 [11166][-none-][WARN] Configuration variable date.timezone is not set, guessed timezone UTC. Please set date.timezone="UTC" in php.ini!
Mon Mar 31 00:15:48 2025 [11166][-none-][INFO] Query:SELECT id, name, symbol, conversion_rate FROM currencies WHERE status = 'Active' and deleted = 0
Mon Mar 31 00:15:48 2025 [11166][-none-][INFO] Query Execution Time:0.00036001205444336
Mon Mar 31 00:15:48 2025 [11166][-none-][DEBUG] rebuilding cache for Users
Mon Mar 31 00:15:48 2025 [11166][-none-][INFO] Query:SELECT * FROM fields_meta_data WHERE  custom_module='Users' AND  deleted = 0
Mon Mar 31 00:15:48 2025 [11166][-none-][INFO] Query Execution Time:0.00046706199645996
Mon Mar 31 00:15:50 2025 [11166][-none-][DEBUG] rebuilding cache for Employees
Mon Mar 31 00:15:50 2025 [11166][-none-][INFO] Query:SELECT * FROM fields_meta_data WHERE  custom_module='Employees' AND  deleted = 0
Mon Mar 31 00:15:50 2025 [11166][-none-][INFO] Query Execution Time:0.00040507316589355
Mon Mar 31 00:15:50 2025 [11166][-none-][DEBUG] rebuilding cache for EmailAddresses
Mon Mar 31 00:15:50 2025 [11166][-none-][INFO] Query:SELECT * FROM fields_meta_data WHERE  custom_module='EmailAddresses' AND  deleted = 0
Mon Mar 31 00:15:50 2025 [11166][-none-][INFO] Query Execution Time:0.00044989585876465
Mon Mar 31 00:15:50 2025 [11166][-none-][DEBUG] rebuilding cache for UserPreferences
Mon Mar 31 00:15:50 2025 [11166][-none-][INFO] Query:SELECT * FROM fields_meta_data WHERE  custom_module='UserPreferences' AND  deleted = 0
Mon Mar 31 00:15:50 2025 [11166][-none-][INFO] Query Execution Time:0.00040102005004883
Mon Mar 31 00:15:50 2025 [11166][-none-][DEBUG] rebuilding cache for Administration
Mon Mar 31 00:15:50 2025 [11166][-none-][INFO] Query:SELECT * FROM fields_meta_data WHERE  custom_module='Administration' AND  deleted = 0
Mon Mar 31 00:15:50 2025 [11166][-none-][INFO] Query Execution Time:0.00037217140197754
Mon Mar 31 00:15:50 2025 [11166][-none-][INFO] Query:SELECT category, name, value FROM config
Mon Mar 31 00:15:50 2025 [11166][-none-][INFO] Query Execution Time:0.00036501884460449
Mon Mar 31 00:15:50 2025 [11166][-none-][INFO] Query:SELECT id FROM outbound_email WHERE type = 'system' AND deleted = 0
Mon Mar 31 00:15:50 2025 [11166][-none-][INFO] Query Execution Time:0.00030398368835449
Mon Mar 31 00:15:50 2025 [11166][-none-][INFO] Query:SELECT * FROM outbound_email WHERE id = '9f511e14-b421-834c-19d7-67e81d8d1ac8'
Mon Mar 31 00:15:50 2025 [11166][-none-][INFO] Query Execution Time:0.00042295455932617
Mon Mar 31 00:15:50 2025 [11166][-none-][DEBUG] Hook called: ::after_entry_point
Mon Mar 31 00:15:50 2025 [11166][-none-][DEBUG] Including module specific hook file for custom/modules
Mon Mar 31 00:15:51 2025 [11166][-none-][DEBUG] Including Ext hook file for custom/application
Mon Mar 31 00:15:51 2025 [11166][-none-][DEBUG] Hook called: ::after_session_start
Mon Mar 31 00:15:51 2025 [11166][-none-][DEBUG] Unable to find SugarController:: get
Mon Mar 31 00:15:51 2025 [11166][-none-][DEBUG] We have an authenticated user id: 1
Mon Mar 31 00:15:51 2025 [11166][-none-][DEBUG] Hook called: Users::before_retrieve
Mon Mar 31 00:15:51 2025 [11166][-none-][DEBUG] Including module specific hook file for custom/modules/Users
Mon Mar 31 00:15:51 2025 [11166][-none-][DEBUG] Retrieve User : SELECT users.* FROM users  WHERE users.id = '1' AND users.deleted=0
Mon Mar 31 00:15:51 2025 [11166][-none-][DEBUG] Limit Query:SELECT users.* FROM users  WHERE users.id = '1' AND users.deleted=0 Start: 0 count: 1
Mon Mar 31 00:15:51 2025 [11166][-none-][INFO] Query:SELECT users.* FROM users  WHERE users.id = '1' AND users.deleted=0 LIMIT 0,1
Mon Mar 31 00:15:51 2025 [11166][-none-][INFO] Query Execution Time:0.00041604042053223
Mon Mar 31 00:15:51 2025 [11166][1][DEBUG] get_user_array query: SELECT id, first_name, last_name, user_name FROM users WHERE 1=1 ORDER BY first_name, last_name ASC
Mon Mar 31 00:15:51 2025 [11166][1][INFO] Query:SELECT id, first_name, last_name, user_name FROM users WHERE 1=1 ORDER BY first_name, last_name ASC
Mon Mar 31 00:15:51 2025 [11166][1][INFO] Query Execution Time:0.00032901763916016
Mon Mar 31 00:15:51 2025 [11166][1][INFO] Query:SELECT u1.first_name, u1.last_name from users  u1, users  u2 where u1.id = u2.reports_to_id AND u2.id = '1' and u1.deleted=0
Mon Mar 31 00:15:51 2025 [11166][1][INFO] Query Execution Time:0.00026416778564453
Mon Mar 31 00:15:51 2025 [11166][1][DEBUG] SugarBean[User].load_relationships, Loading relationship (reports_to_link).
Mon Mar 31 00:15:51 2025 [11166][1][INFO] Query:SELECT 
                    ea.email_address,
                    ea.email_address_caps,
                    ea.invalid_email,
                    ea.opt_out,
                    ea.confirm_opt_in,
                    ea.date_created,
                    ea.date_modified,
                    ear.id,
                    ear.email_address_id,
                    ear.bean_id,
                    ear.bean_module,
                    ear.primary_address,
                    ear.reply_to_address,
                    ear.deleted
                FROM email_addresses ea LEFT JOIN email_addr_bean_rel ear ON ea.id = ear.email_address_id
                WHERE 
                    ear.bean_module = 'Users'
                    AND ear.bean_id = '1'
                    AND ear.deleted = 0
                ORDER BY ear.reply_to_address, ear.primary_address DESC
Mon Mar 31 00:15:51 2025 [11166][1][INFO] Query Execution Time:0.00042104721069336
Mon Mar 31 00:15:51 2025 [11166][1][DEBUG] Hook called: Users::after_retrieve
Mon Mar 31 00:15:51 2025 [11166][1][DEBUG] FACTOR AUTH: -------------------------------------------------------------
Mon Mar 31 00:15:51 2025 [11166][1][DEBUG] FACTOR AUTH: --------------------- CHECK FACTOR AUtH ---------------------
Mon Mar 31 00:15:51 2025 [11166][1][DEBUG] FACTOR AUTH: -------------------------------------------------------------
Mon Mar 31 00:15:51 2025 [11166][1][DEBUG] FACTOR AUTH: User needs factor auth, request is not Logout
Mon Mar 31 00:15:51 2025 [11166][1][DEBUG] FACTOR AUTH: User does`nt need factor auth
Mon Mar 31 00:15:51 2025 [11166][1][DEBUG] Current user is: admin
Mon Mar 31 00:15:51 2025 [11166][1][DEBUG] Current user is: admin
Mon Mar 31 00:15:51 2025 [11166][1][DEBUG] setting cookie ck_login_id_20 to 1
Mon Mar 31 00:15:51 2025 [11166][1][DEBUG] setting cookie ck_login_language_20 to en_us
Mon Mar 31 00:15:51 2025 [11166][1][DEBUG] current_language is: en_us
Mon Mar 31 00:15:51 2025 [11166][1][INFO] Found language file: en_us.lang.php
Mon Mar 31 00:15:51 2025 [11166][1][INFO] Found extended language file: en_us.lang.ext.php
Mon Mar 31 00:15:52 2025 [11166][1][DEBUG] SuiteCRM\ModuleInstall\ExtensionManager::compileExtensionFiles() : Merging module files in custom/Extension/modules/<module>/Language to custom/modules/<module>/Language/en_us.lang.ext.php
Mon Mar 31 00:15:52 2025 [11166][1][DEBUG] Merging application files for en_us.lang.ext.php in Language
Mon Mar 31 00:15:52 2025 [11166][1][DEBUG] rebuilding cache for Alerts
Mon Mar 31 00:15:52 2025 [11166][1][INFO] Query:SELECT * FROM fields_meta_data WHERE  custom_module='Alerts' AND  deleted = 0
Mon Mar 31 00:15:52 2025 [11166][1][INFO] Query Execution Time:0.00041007995605469
Mon Mar 31 00:15:52 2025 [11166][1][DEBUG] Performing action: action_get MODULE: Alerts
Mon Mar 31 00:15:52 2025 [11166][1][DEBUG] get_full_list:  order_by = 'alerts.date_entered' and where = 'alerts.assigned_user_id = '1' AND is_read != '1''
Mon Mar 31 00:15:52 2025 [11166][1][DEBUG] Hook called: Alerts::before_acl_query
Mon Mar 31 00:15:52 2025 [11166][1][DEBUG] SugarBean[Alert].load_relationships, Loading relationship (modified_user_link).
Mon Mar 31 00:15:52 2025 [11166][1][DEBUG] SugarBean[Alert].load_relationships, Loading relationship (created_by_link).
Mon Mar 31 00:15:52 2025 [11166][1][DEBUG] SugarBean[Alert].load_relationships, Loading relationship (assigned_user_link).
Mon Mar 31 00:15:52 2025 [11166][1][DEBUG] process_order_by: (alerts.date_entered) does not have a vardef entry.
Mon Mar 31 00:15:52 2025 [11166][1][DEBUG] process_full_list_query: query is  SELECT  alerts.*  , jt0.user_name modified_by_name , jt0.created_by modified_by_name_owner  , 'Users' modified_by_name_mod , jt1.user_name created_by_name , jt1.created_by created_by_name_owner  , 'Users' created_by_name_mod , jt2.user_name assigned_user_name , jt2.created_by assigned_user_name_owner  , 'Users' assigned_user_name_mod FROM alerts   LEFT JOIN  users jt0 ON alerts.modified_user_id=jt0.id AND jt0.deleted=0

 AND jt0.deleted=0  LEFT JOIN  users jt1 ON alerts.created_by=jt1.id AND jt1.deleted=0

 AND jt1.deleted=0  LEFT JOIN  users jt2 ON alerts.assigned_user_id=jt2.id AND jt2.deleted=0

 AND jt2.deleted=0 where (alerts.assigned_user_id = '1' AND is_read != '1') AND alerts.deleted=0
Mon Mar 31 00:15:52 2025 [11166][1][INFO] Query: SELECT  alerts.*  , jt0.user_name modified_by_name , jt0.created_by modified_by_name_owner  , 'Users' modified_by_name_mod , jt1.user_name created_by_name , jt1.created_by created_by_name_owner  , 'Users' created_by_name_mod , jt2.user_name assigned_user_name , jt2.created_by assigned_user_name_owner  , 'Users' assigned_user_name_mod FROM alerts   LEFT JOIN  users jt0 ON alerts.modified_user_id=jt0.id AND jt0.deleted=0

 AND jt0.deleted=0  LEFT JOIN  users jt1 ON alerts.created_by=jt1.id AND jt1.deleted=0

 AND jt1.deleted=0  LEFT JOIN  users jt2 ON alerts.assigned_user_id=jt2.id AND jt2.deleted=0

 AND jt2.deleted=0 where (alerts.assigned_user_id = '1' AND is_read != '1') AND alerts.deleted=0
Mon Mar 31 00:15:52 2025 [11166][1][INFO] Query Execution Time:0.00048685073852539
Mon Mar 31 00:15:52 2025 [11166][1][DEBUG] process_full_list_query: result is mysqli_result Object
(
    [current_field] => 0
    [field_count] => 23
    [lengths] => 
    [num_rows] => 0
    [type] => 0
)

Mon Mar 31 00:15:52 2025 [11166][1][DEPRECATED] Array
(
)

Mon Mar 31 00:15:55 2025 [11166][1][DEBUG] Hook called: ::server_round_trip
Mon Mar 31 00:15:55 2025 [11166][1][DEBUG] Calling MySQLi::disconnect()
Mon Mar 31 00:18:32 2025 [9581][-none-][DEBUG] current_language is: en_us
Mon Mar 31 00:18:32 2025 [9581][-none-][DEBUG] Found cache backend SugarCacheAPC
Mon Mar 31 00:18:32 2025 [9581][-none-][DEBUG] Found cache backend SugarCacheFile
Mon Mar 31 00:18:32 2025 [9581][-none-][DEBUG] Found cache backend SugarCacheMemcache
Mon Mar 31 00:18:32 2025 [9581][-none-][DEBUG] Found cache backend SugarCacheMemcached
Mon Mar 31 00:18:32 2025 [9581][-none-][DEBUG] Found cache backend SugarCacheMemory
Mon Mar 31 00:18:32 2025 [9581][-none-][DEBUG] Using cache backend SugarCacheMemory, since 999 is less than 1000
Mon Mar 31 00:18:32 2025 [9581][-none-][DEBUG] Found cache backend SugarCacheRedis
Mon Mar 31 00:18:32 2025 [9581][-none-][DEBUG] Found cache backend SugarCachesMash
Mon Mar 31 00:18:32 2025 [9581][-none-][DEBUG] Found cache backend SugarCacheWincache
Mon Mar 31 00:18:32 2025 [9581][-none-][DEBUG] Found cache backend SugarCacheZend
Mon Mar 31 00:18:33 2025 [9581][-none-][INFO] Found language file: en_us.lang.php
Mon Mar 31 00:18:33 2025 [9581][-none-][INFO] Found extended language file: en_us.lang.ext.php
Mon Mar 31 00:18:33 2025 [9581][-none-][WARN] Configuration variable date.timezone is not set, guessed timezone UTC. Please set date.timezone="UTC" in php.ini!
Mon Mar 31 00:18:33 2025 [9581][-none-][INFO] Query:SELECT id, name, symbol, conversion_rate FROM currencies WHERE status = 'Active' and deleted = 0
Mon Mar 31 00:18:33 2025 [9581][-none-][INFO] Query Execution Time:0.00041604042053223
Mon Mar 31 00:18:33 2025 [9581][-none-][DEBUG] rebuilding cache for Users
Mon Mar 31 00:18:33 2025 [9581][-none-][INFO] Query:SELECT * FROM fields_meta_data WHERE  custom_module='Users' AND  deleted = 0
Mon Mar 31 00:18:33 2025 [9581][-none-][INFO] Query Execution Time:0.00043797492980957
Mon Mar 31 00:18:33 2025 [9581][-none-][DEBUG] rebuilding cache for Employees
Mon Mar 31 00:18:33 2025 [9581][-none-][INFO] Query:SELECT * FROM fields_meta_data WHERE  custom_module='Employees' AND  deleted = 0
Mon Mar 31 00:18:33 2025 [9581][-none-][INFO] Query Execution Time:0.00036406517028809
Mon Mar 31 00:18:33 2025 [9581][-none-][DEBUG] rebuilding cache for EmailAddresses
Mon Mar 31 00:18:33 2025 [9581][-none-][INFO] Query:SELECT * FROM fields_meta_data WHERE  custom_module='EmailAddresses' AND  deleted = 0
Mon Mar 31 00:18:33 2025 [9581][-none-][INFO] Query Execution Time:0.00044488906860352
Mon Mar 31 00:18:33 2025 [9581][-none-][DEBUG] rebuilding cache for UserPreferences
Mon Mar 31 00:18:33 2025 [9581][-none-][INFO] Query:SELECT * FROM fields_meta_data WHERE  custom_module='UserPreferences' AND  deleted = 0
Mon Mar 31 00:18:33 2025 [9581][-none-][INFO] Query Execution Time:0.00038313865661621
Mon Mar 31 00:18:33 2025 [9581][-none-][DEBUG] rebuilding cache for Administration
Mon Mar 31 00:18:33 2025 [9581][-none-][INFO] Query:SELECT * FROM fields_meta_data WHERE  custom_module='Administration' AND  deleted = 0
Mon Mar 31 00:18:33 2025 [9581][-none-][INFO] Query Execution Time:0.00036406517028809
Mon Mar 31 00:18:33 2025 [9581][-none-][INFO] Query:SELECT category, name, value FROM config
Mon Mar 31 00:18:33 2025 [9581][-none-][INFO] Query Execution Time:0.00036311149597168
Mon Mar 31 00:18:33 2025 [9581][-none-][INFO] Query:SELECT id FROM outbound_email WHERE type = 'system' AND deleted = 0
Mon Mar 31 00:18:33 2025 [9581][-none-][INFO] Query Execution Time:0.00029611587524414
Mon Mar 31 00:18:33 2025 [9581][-none-][INFO] Query:SELECT * FROM outbound_email WHERE id = '9f511e14-b421-834c-19d7-67e81d8d1ac8'
Mon Mar 31 00:18:33 2025 [9581][-none-][INFO] Query Execution Time:0.00037384033203125
Mon Mar 31 00:18:33 2025 [9581][-none-][DEBUG] Hook called: ::after_entry_point
Mon Mar 31 00:18:33 2025 [9581][-none-][DEBUG] Including module specific hook file for custom/modules
Mon Mar 31 00:18:33 2025 [9581][-none-][DEBUG] Including Ext hook file for custom/application
Mon Mar 31 00:18:33 2025 [9581][-none-][DEBUG] Hook called: ::after_session_start
Mon Mar 31 00:18:33 2025 [9581][-none-][DEBUG] Unable to find SugarController:: get
Mon Mar 31 00:18:33 2025 [9581][-none-][DEBUG] We have an authenticated user id: 1
Mon Mar 31 00:18:33 2025 [9581][-none-][DEBUG] Hook called: Users::before_retrieve
Mon Mar 31 00:18:33 2025 [9581][-none-][DEBUG] Including module specific hook file for custom/modules/Users
Mon Mar 31 00:18:33 2025 [9581][-none-][DEBUG] Retrieve User : SELECT users.* FROM users  WHERE users.id = '1' AND users.deleted=0
Mon Mar 31 00:18:33 2025 [9581][-none-][DEBUG] Limit Query:SELECT users.* FROM users  WHERE users.id = '1' AND users.deleted=0 Start: 0 count: 1
Mon Mar 31 00:18:33 2025 [9581][-none-][INFO] Query:SELECT users.* FROM users  WHERE users.id = '1' AND users.deleted=0 LIMIT 0,1
Mon Mar 31 00:18:33 2025 [9581][-none-][INFO] Query Execution Time:0.00043296813964844
Mon Mar 31 00:18:33 2025 [9581][1][DEBUG] get_user_array query: SELECT id, first_name, last_name, user_name FROM users WHERE 1=1 ORDER BY first_name, last_name ASC
Mon Mar 31 00:18:33 2025 [9581][1][INFO] Query:SELECT id, first_name, last_name, user_name FROM users WHERE 1=1 ORDER BY first_name, last_name ASC
Mon Mar 31 00:18:33 2025 [9581][1][INFO] Query Execution Time:0.00023198127746582
Mon Mar 31 00:18:33 2025 [9581][1][INFO] Query:SELECT u1.first_name, u1.last_name from users  u1, users  u2 where u1.id = u2.reports_to_id AND u2.id = '1' and u1.deleted=0
Mon Mar 31 00:18:33 2025 [9581][1][INFO] Query Execution Time:0.00021004676818848
Mon Mar 31 00:18:33 2025 [9581][1][DEBUG] SugarBean[User].load_relationships, Loading relationship (reports_to_link).
Mon Mar 31 00:18:34 2025 [9581][1][INFO] Query:SELECT 
                    ea.email_address,
                    ea.email_address_caps,
                    ea.invalid_email,
                    ea.opt_out,
                    ea.confirm_opt_in,
                    ea.date_created,
                    ea.date_modified,
                    ear.id,
                    ear.email_address_id,
                    ear.bean_id,
                    ear.bean_module,
                    ear.primary_address,
                    ear.reply_to_address,
                    ear.deleted
                FROM email_addresses ea LEFT JOIN email_addr_bean_rel ear ON ea.id = ear.email_address_id
                WHERE 
                    ear.bean_module = 'Users'
                    AND ear.bean_id = '1'
                    AND ear.deleted = 0
                ORDER BY ear.reply_to_address, ear.primary_address DESC
Mon Mar 31 00:18:34 2025 [9581][1][INFO] Query Execution Time:0.00042295455932617
Mon Mar 31 00:18:34 2025 [9581][1][DEBUG] Hook called: Users::after_retrieve
Mon Mar 31 00:18:34 2025 [9581][1][DEBUG] FACTOR AUTH: -------------------------------------------------------------
Mon Mar 31 00:18:34 2025 [9581][1][DEBUG] FACTOR AUTH: --------------------- CHECK FACTOR AUtH ---------------------
Mon Mar 31 00:18:34 2025 [9581][1][DEBUG] FACTOR AUTH: -------------------------------------------------------------
Mon Mar 31 00:18:34 2025 [9581][1][DEBUG] FACTOR AUTH: User needs factor auth, request is not Logout
Mon Mar 31 00:18:34 2025 [9581][1][DEBUG] FACTOR AUTH: User does`nt need factor auth
Mon Mar 31 00:18:34 2025 [9581][1][DEBUG] Current user is: admin
Mon Mar 31 00:18:34 2025 [9581][1][DEBUG] Current user is: admin
Mon Mar 31 00:18:34 2025 [9581][1][DEBUG] setting cookie ck_login_id_20 to 1
Mon Mar 31 00:18:34 2025 [9581][1][DEBUG] setting cookie ck_login_language_20 to en_us
Mon Mar 31 00:18:34 2025 [9581][1][DEBUG] current_language is: en_us
Mon Mar 31 00:18:34 2025 [9581][1][INFO] Found language file: en_us.lang.php
Mon Mar 31 00:18:34 2025 [9581][1][INFO] Found extended language file: en_us.lang.ext.php
Mon Mar 31 00:18:34 2025 [9581][1][DEBUG] SuiteCRM\ModuleInstall\ExtensionManager::compileExtensionFiles() : Merging module files in custom/Extension/modules/<module>/Language to custom/modules/<module>/Language/en_us.lang.ext.php
Mon Mar 31 00:18:34 2025 [9581][1][DEBUG] Merging application files for en_us.lang.ext.php in Language
Mon Mar 31 00:18:34 2025 [9581][1][DEBUG] rebuilding cache for Alerts
Mon Mar 31 00:18:34 2025 [9581][1][INFO] Query:SELECT * FROM fields_meta_data WHERE  custom_module='Alerts' AND  deleted = 0
Mon Mar 31 00:18:34 2025 [9581][1][INFO] Query Execution Time:0.00045084953308105
Mon Mar 31 00:18:34 2025 [9581][1][DEBUG] Performing action: action_get MODULE: Alerts
Mon Mar 31 00:18:34 2025 [9581][1][DEBUG] get_full_list:  order_by = 'alerts.date_entered' and where = 'alerts.assigned_user_id = '1' AND is_read != '1''
Mon Mar 31 00:18:34 2025 [9581][1][DEBUG] Hook called: Alerts::before_acl_query
Mon Mar 31 00:18:34 2025 [9581][1][DEBUG] SugarBean[Alert].load_relationships, Loading relationship (modified_user_link).
Mon Mar 31 00:18:34 2025 [9581][1][DEBUG] SugarBean[Alert].load_relationships, Loading relationship (created_by_link).
Mon Mar 31 00:18:34 2025 [9581][1][DEBUG] SugarBean[Alert].load_relationships, Loading relationship (assigned_user_link).
Mon Mar 31 00:18:34 2025 [9581][1][DEBUG] process_order_by: (alerts.date_entered) does not have a vardef entry.
Mon Mar 31 00:18:34 2025 [9581][1][DEBUG] process_full_list_query: query is  SELECT  alerts.*  , jt0.user_name modified_by_name , jt0.created_by modified_by_name_owner  , 'Users' modified_by_name_mod , jt1.user_name created_by_name , jt1.created_by created_by_name_owner  , 'Users' created_by_name_mod , jt2.user_name assigned_user_name , jt2.created_by assigned_user_name_owner  , 'Users' assigned_user_name_mod FROM alerts   LEFT JOIN  users jt0 ON alerts.modified_user_id=jt0.id AND jt0.deleted=0

 AND jt0.deleted=0  LEFT JOIN  users jt1 ON alerts.created_by=jt1.id AND jt1.deleted=0

 AND jt1.deleted=0  LEFT JOIN  users jt2 ON alerts.assigned_user_id=jt2.id AND jt2.deleted=0

 AND jt2.deleted=0 where (alerts.assigned_user_id = '1' AND is_read != '1') AND alerts.deleted=0
Mon Mar 31 00:18:34 2025 [9581][1][INFO] Query: SELECT  alerts.*  , jt0.user_name modified_by_name , jt0.created_by modified_by_name_owner  , 'Users' modified_by_name_mod , jt1.user_name created_by_name , jt1.created_by created_by_name_owner  , 'Users' created_by_name_mod , jt2.user_name assigned_user_name , jt2.created_by assigned_user_name_owner  , 'Users' assigned_user_name_mod FROM alerts   LEFT JOIN  users jt0 ON alerts.modified_user_id=jt0.id AND jt0.deleted=0

 AND jt0.deleted=0  LEFT JOIN  users jt1 ON alerts.created_by=jt1.id AND jt1.deleted=0

 AND jt1.deleted=0  LEFT JOIN  users jt2 ON alerts.assigned_user_id=jt2.id AND jt2.deleted=0

 AND jt2.deleted=0 where (alerts.assigned_user_id = '1' AND is_read != '1') AND alerts.deleted=0
Mon Mar 31 00:18:34 2025 [9581][1][INFO] Query Execution Time:0.00044488906860352
Mon Mar 31 00:18:34 2025 [9581][1][DEBUG] process_full_list_query: result is mysqli_result Object
(
    [current_field] => 0
    [field_count] => 23
    [lengths] => 
    [num_rows] => 0
    [type] => 0
)

Mon Mar 31 00:18:34 2025 [9581][1][DEPRECATED] Array
(
)

Mon Mar 31 00:18:35 2025 [9581][1][DEBUG] Hook called: ::server_round_trip
Mon Mar 31 00:18:35 2025 [9581][1][DEBUG] Calling MySQLi::disconnect()
Mon Mar 31 00:18:39 2025 [11570][-none-][DEBUG] current_language is: en_us
Mon Mar 31 00:18:39 2025 [11570][-none-][DEBUG] Found cache backend SugarCacheAPC
Mon Mar 31 00:18:39 2025 [11570][-none-][DEBUG] Found cache backend SugarCacheFile
Mon Mar 31 00:18:39 2025 [11570][-none-][DEBUG] Found cache backend SugarCacheMemcache
Mon Mar 31 00:18:39 2025 [11570][-none-][DEBUG] Found cache backend SugarCacheMemcached
Mon Mar 31 00:18:39 2025 [11570][-none-][DEBUG] Found cache backend SugarCacheMemory
Mon Mar 31 00:18:39 2025 [11570][-none-][DEBUG] Using cache backend SugarCacheMemory, since 999 is less than 1000
Mon Mar 31 00:18:39 2025 [11570][-none-][DEBUG] Found cache backend SugarCacheRedis
Mon Mar 31 00:18:39 2025 [11570][-none-][DEBUG] Found cache backend SugarCachesMash
Mon Mar 31 00:18:39 2025 [11570][-none-][DEBUG] Found cache backend SugarCacheWincache
Mon Mar 31 00:18:39 2025 [11570][-none-][DEBUG] Found cache backend SugarCacheZend
Mon Mar 31 00:18:40 2025 [11570][-none-][INFO] Found language file: en_us.lang.php
Mon Mar 31 00:18:40 2025 [11570][-none-][INFO] Found extended language file: en_us.lang.ext.php
Mon Mar 31 00:18:40 2025 [11570][-none-][WARN] Configuration variable date.timezone is not set, guessed timezone UTC. Please set date.timezone="UTC" in php.ini!
Mon Mar 31 00:18:40 2025 [11570][-none-][INFO] Query:SELECT id, name, symbol, conversion_rate FROM currencies WHERE status = 'Active' and deleted = 0
Mon Mar 31 00:18:40 2025 [11570][-none-][INFO] Query Execution Time:0.00035381317138672
Mon Mar 31 00:18:40 2025 [11570][-none-][DEBUG] rebuilding cache for Users
Mon Mar 31 00:18:40 2025 [11570][-none-][INFO] Query:SELECT * FROM fields_meta_data WHERE  custom_module='Users' AND  deleted = 0
Mon Mar 31 00:18:40 2025 [11570][-none-][INFO] Query Execution Time:0.00043606758117676
Mon Mar 31 00:18:40 2025 [11570][-none-][DEBUG] rebuilding cache for Employees
Mon Mar 31 00:18:40 2025 [11570][-none-][INFO] Query:SELECT * FROM fields_meta_data WHERE  custom_module='Employees' AND  deleted = 0
Mon Mar 31 00:18:40 2025 [11570][-none-][INFO] Query Execution Time:0.00035595893859863
Mon Mar 31 00:18:40 2025 [11570][-none-][DEBUG] rebuilding cache for EmailAddresses
Mon Mar 31 00:18:40 2025 [11570][-none-][INFO] Query:SELECT * FROM fields_meta_data WHERE  custom_module='EmailAddresses' AND  deleted = 0
Mon Mar 31 00:18:40 2025 [11570][-none-][INFO] Query Execution Time:0.00041317939758301
Mon Mar 31 00:18:40 2025 [11570][-none-][DEBUG] rebuilding cache for UserPreferences
Mon Mar 31 00:18:40 2025 [11570][-none-][INFO] Query:SELECT * FROM fields_meta_data WHERE  custom_module='UserPreferences' AND  deleted = 0
Mon Mar 31 00:18:40 2025 [11570][-none-][INFO] Query Execution Time:0.00041389465332031
Mon Mar 31 00:18:40 2025 [11570][-none-][DEBUG] rebuilding cache for Administration
Mon Mar 31 00:18:40 2025 [11570][-none-][INFO] Query:SELECT * FROM fields_meta_data WHERE  custom_module='Administration' AND  deleted = 0
Mon Mar 31 00:18:40 2025 [11570][-none-][INFO] Query Execution Time:0.00074100494384766
Mon Mar 31 00:18:40 2025 [11570][-none-][INFO] Query:SELECT category, name, value FROM config
Mon Mar 31 00:18:40 2025 [11570][-none-][INFO] Query Execution Time:0.00045609474182129
Mon Mar 31 00:18:40 2025 [11570][-none-][INFO] Query:SELECT id FROM outbound_email WHERE type = 'system' AND deleted = 0
Mon Mar 31 00:18:40 2025 [11570][-none-][INFO] Query Execution Time:0.00042986869812012
Mon Mar 31 00:18:40 2025 [11570][-none-][INFO] Query:SELECT * FROM outbound_email WHERE id = '9f511e14-b421-834c-19d7-67e81d8d1ac8'
Mon Mar 31 00:18:40 2025 [11570][-none-][INFO] Query Execution Time:0.00033712387084961
Mon Mar 31 00:18:40 2025 [11570][-none-][DEBUG] Hook called: ::after_entry_point
Mon Mar 31 00:18:40 2025 [11570][-none-][DEBUG] Including module specific hook file for custom/modules
Mon Mar 31 00:18:40 2025 [11570][-none-][DEBUG] Including Ext hook file for custom/application
Mon Mar 31 00:18:40 2025 [11570][-none-][DEBUG] Hook called: ::after_session_start
Mon Mar 31 00:18:40 2025 [11570][-none-][DEBUG] Unable to find SugarController:: EditView
Mon Mar 31 00:18:40 2025 [11570][-none-][DEBUG] We have an authenticated user id: 1
Mon Mar 31 00:18:40 2025 [11570][-none-][DEBUG] Hook called: Users::before_retrieve
Mon Mar 31 00:18:40 2025 [11570][-none-][DEBUG] Including module specific hook file for custom/modules/Users
Mon Mar 31 00:18:40 2025 [11570][-none-][DEBUG] Retrieve User : SELECT users.* FROM users  WHERE users.id = '1' AND users.deleted=0
Mon Mar 31 00:18:40 2025 [11570][-none-][DEBUG] Limit Query:SELECT users.* FROM users  WHERE users.id = '1' AND users.deleted=0 Start: 0 count: 1
Mon Mar 31 00:18:40 2025 [11570][-none-][INFO] Query:SELECT users.* FROM users  WHERE users.id = '1' AND users.deleted=0 LIMIT 0,1
Mon Mar 31 00:18:40 2025 [11570][-none-][INFO] Query Execution Time:0.00041604042053223
Mon Mar 31 00:18:40 2025 [11570][1][DEBUG] get_user_array query: SELECT id, first_name, last_name, user_name FROM users WHERE 1=1 ORDER BY first_name, last_name ASC
Mon Mar 31 00:18:40 2025 [11570][1][INFO] Query:SELECT id, first_name, last_name, user_name FROM users WHERE 1=1 ORDER BY first_name, last_name ASC
Mon Mar 31 00:18:40 2025 [11570][1][INFO] Query Execution Time:0.0003349781036377
Mon Mar 31 00:18:40 2025 [11570][1][INFO] Query:SELECT u1.first_name, u1.last_name from users  u1, users  u2 where u1.id = u2.reports_to_id AND u2.id = '1' and u1.deleted=0
Mon Mar 31 00:18:40 2025 [11570][1][INFO] Query Execution Time:0.00030803680419922
Mon Mar 31 00:18:40 2025 [11570][1][DEBUG] SugarBean[User].load_relationships, Loading relationship (reports_to_link).
Mon Mar 31 00:18:40 2025 [11570][1][INFO] Query:SELECT 
                    ea.email_address,
                    ea.email_address_caps,
                    ea.invalid_email,
                    ea.opt_out,
                    ea.confirm_opt_in,
                    ea.date_created,
                    ea.date_modified,
                    ear.id,
                    ear.email_address_id,
                    ear.bean_id,
                    ear.bean_module,
                    ear.primary_address,
                    ear.reply_to_address,
                    ear.deleted
                FROM email_addresses ea LEFT JOIN email_addr_bean_rel ear ON ea.id = ear.email_address_id
                WHERE 
                    ear.bean_module = 'Users'
                    AND ear.bean_id = '1'
                    AND ear.deleted = 0
                ORDER BY ear.reply_to_address, ear.primary_address DESC
Mon Mar 31 00:18:40 2025 [11570][1][INFO] Query Execution Time:0.00050687789916992
Mon Mar 31 00:18:40 2025 [11570][1][DEBUG] Hook called: Users::after_retrieve
Mon Mar 31 00:18:40 2025 [11570][1][DEBUG] FACTOR AUTH: -------------------------------------------------------------
Mon Mar 31 00:18:40 2025 [11570][1][DEBUG] FACTOR AUTH: --------------------- CHECK FACTOR AUtH ---------------------
Mon Mar 31 00:18:40 2025 [11570][1][DEBUG] FACTOR AUTH: -------------------------------------------------------------
Mon Mar 31 00:18:40 2025 [11570][1][DEBUG] FACTOR AUTH: User needs factor auth, request is not Logout
Mon Mar 31 00:18:40 2025 [11570][1][DEBUG] FACTOR AUTH: User does`nt need factor auth
Mon Mar 31 00:18:40 2025 [11570][1][DEBUG] Current user is: admin
Mon Mar 31 00:18:40 2025 [11570][1][DEBUG] Current user is: admin
Mon Mar 31 00:18:40 2025 [11570][1][DEBUG] setting cookie ck_login_id_20 to 1
Mon Mar 31 00:18:40 2025 [11570][1][DEBUG] setting cookie ck_login_language_20 to en_us
Mon Mar 31 00:18:40 2025 [11570][1][DEBUG] current_language is: en_us
Mon Mar 31 00:18:40 2025 [11570][1][INFO] Found language file: en_us.lang.php
Mon Mar 31 00:18:40 2025 [11570][1][INFO] Found extended language file: en_us.lang.ext.php
Mon Mar 31 00:18:41 2025 [11570][1][DEBUG] SuiteCRM\ModuleInstall\ExtensionManager::compileExtensionFiles() : Merging module files in custom/Extension/modules/<module>/Language to custom/modules/<module>/Language/en_us.lang.ext.php
Mon Mar 31 00:18:41 2025 [11570][1][DEBUG] Merging application files for en_us.lang.ext.php in Language
Mon Mar 31 00:18:41 2025 [11570][1][DEBUG] rebuilding cache for TEST_PhoneNumbers
Mon Mar 31 00:18:41 2025 [11570][1][INFO] Query:SELECT * FROM fields_meta_data WHERE  custom_module='TEST_PhoneNumbers' AND  deleted = 0
Mon Mar 31 00:18:41 2025 [11570][1][INFO] Query Execution Time:0.00038695335388184
Mon Mar 31 00:18:41 2025 [11570][1][DEBUG] Using Action View Map:edit
Mon Mar 31 00:18:41 2025 [11570][1][DEPRECATED] Array
(
)

Mon Mar 31 00:18:42 2025 [11570][1][WARN] CSS File Dawn/yui.css not found
Mon Mar 31 00:18:42 2025 [11570][1][DEBUG] SuiteCRM\ModuleInstall\ExtensionManager::compileExtensionFiles() : Merging module files in custom/Extension/modules/<module>/Language to custom/modules/<module>/Language/en_us.lang.ext.php
Mon Mar 31 00:18:42 2025 [11570][1][DEBUG] Merging application files for en_us.lang.ext.php in Language
Mon Mar 31 00:18:43 2025 [11570][1][DEBUG] rebuilding cache for Favorites
Mon Mar 31 00:18:43 2025 [11570][1][INFO] Query:SELECT * FROM fields_meta_data WHERE  custom_module='Favorites' AND  deleted = 0
Mon Mar 31 00:18:43 2025 [11570][1][INFO] Query Execution Time:0.00036883354187012
Mon Mar 31 00:18:43 2025 [11570][1][INFO] Query:SELECT parent_id, parent_type FROM favorites WHERE assigned_user_id = '1' AND deleted = 0 ORDER BY date_entered DESC
Mon Mar 31 00:18:43 2025 [11570][1][INFO] Query Execution Time:0.0003819465637207
Mon Mar 31 00:18:43 2025 [11570][1][DEBUG] rebuilding cache for Trackers
Mon Mar 31 00:18:43 2025 [11570][1][INFO] Query:SELECT * FROM fields_meta_data WHERE  custom_module='Trackers' AND  deleted = 0
Mon Mar 31 00:18:43 2025 [11570][1][INFO] Query Execution Time:0.00044488906860352
Mon Mar 31 00:18:43 2025 [11570][1][DEBUG] Limit Query:SELECT item_id, item_summary, module_name, id FROM tracker WHERE id = (SELECT MAX(id) as id FROM tracker WHERE user_id = '1' AND deleted = 0 AND visible = 1) Start: 0 count: 50
Mon Mar 31 00:18:43 2025 [11570][1][INFO] Query:SELECT item_id, item_summary, module_name, id FROM tracker WHERE id = (SELECT MAX(id) as id FROM tracker WHERE user_id = '1' AND deleted = 0 AND visible = 1) LIMIT 0,50
Mon Mar 31 00:18:43 2025 [11570][1][INFO] Query Execution Time:0.00046992301940918
Mon Mar 31 00:18:43 2025 [11570][1][INFO] Tracker: retrieving 3 items
Mon Mar 31 00:18:44 2025 [11570][1][DEBUG] SuiteCRM\ModuleInstall\ExtensionManager::compileExtensionFiles() : Merging module files in custom/Extension/modules/<module>/Language to custom/modules/<module>/Language/en_us.lang.ext.php
Mon Mar 31 00:18:45 2025 [11570][1][DEBUG] Merging application files for en_us.lang.ext.php in Language
Mon Mar 31 00:18:45 2025 [11570][1][DEBUG] rebuilding cache for Emails
Mon Mar 31 00:18:45 2025 [11570][1][INFO] Query:SELECT * FROM fields_meta_data WHERE  custom_module='Emails' AND  deleted = 0
Mon Mar 31 00:18:45 2025 [11570][1][INFO] Query Execution Time:0.00040316581726074
Mon Mar 31 00:18:50 2025 [11570][1][DEBUG] Hook called: TEST_PhoneNumbers::before_retrieve
Mon Mar 31 00:18:50 2025 [11570][1][DEBUG] Retrieve TEST_PhoneNumbers : SELECT test_phonenumbers.* FROM test_phonenumbers  WHERE test_phonenumbers.id = '940a4212-b322-88a4-4287-67e99bcb014f' AND test_phonenumbers.deleted=0
Mon Mar 31 00:18:50 2025 [11570][1][DEBUG] Limit Query:SELECT test_phonenumbers.* FROM test_phonenumbers  WHERE test_phonenumbers.id = '940a4212-b322-88a4-4287-67e99bcb014f' AND test_phonenumbers.deleted=0 Start: 0 count: 1
Mon Mar 31 00:18:50 2025 [11570][1][INFO] Query:SELECT test_phonenumbers.* FROM test_phonenumbers  WHERE test_phonenumbers.id = '940a4212-b322-88a4-4287-67e99bcb014f' AND test_phonenumbers.deleted=0 LIMIT 0,1
Mon Mar 31 00:18:50 2025 [11570][1][INFO] Query Execution Time:0.0004119873046875
Mon Mar 31 00:18:50 2025 [11570][1][DEBUG] SugarBean[TEST_PhoneNumbers].load_relationships, Loading relationship (assigned_user_id).
Mon Mar 31 00:18:50 2025 [11570][1][DEBUG] SugarBean.load_relationships, failed Loading relationship (assigned_user_id)
Mon Mar 31 00:18:50 2025 [11570][1][DEBUG] SugarBean[TEST_PhoneNumbers].load_relationships, Loading relationship (assigned_user_id).
Mon Mar 31 00:18:50 2025 [11570][1][DEBUG] SugarBean.load_relationships, failed Loading relationship (assigned_user_id)
Mon Mar 31 00:18:50 2025 [11570][1][DEBUG] Hook called: TEST_PhoneNumbers::after_retrieve
Mon Mar 31 00:18:50 2025 [11570][1][DEBUG] Hook called: TEST_PhoneNumbers::before_retrieve
Mon Mar 31 00:18:50 2025 [11570][1][DEBUG] Retrieve TEST_PhoneNumbers : SELECT test_phonenumbers.* FROM test_phonenumbers  WHERE test_phonenumbers.id = 'ac95186a-26bd-5663-b402-67e836487e62' AND test_phonenumbers.deleted=0
Mon Mar 31 00:18:50 2025 [11570][1][DEBUG] Limit Query:SELECT test_phonenumbers.* FROM test_phonenumbers  WHERE test_phonenumbers.id = 'ac95186a-26bd-5663-b402-67e836487e62' AND test_phonenumbers.deleted=0 Start: 0 count: 1
Mon Mar 31 00:18:50 2025 [11570][1][INFO] Query:SELECT test_phonenumbers.* FROM test_phonenumbers  WHERE test_phonenumbers.id = 'ac95186a-26bd-5663-b402-67e836487e62' AND test_phonenumbers.deleted=0 LIMIT 0,1
Mon Mar 31 00:18:50 2025 [11570][1][INFO] Query Execution Time:0.00036001205444336
Mon Mar 31 00:18:50 2025 [11570][1][DEBUG] SugarBean[TEST_PhoneNumbers].load_relationships, Loading relationship (assigned_user_id).
Mon Mar 31 00:18:50 2025 [11570][1][DEBUG] SugarBean.load_relationships, failed Loading relationship (assigned_user_id)
Mon Mar 31 00:18:50 2025 [11570][1][DEBUG] SugarBean[TEST_PhoneNumbers].load_relationships, Loading relationship (assigned_user_id).
Mon Mar 31 00:18:50 2025 [11570][1][DEBUG] SugarBean.load_relationships, failed Loading relationship (assigned_user_id)
Mon Mar 31 00:18:50 2025 [11570][1][DEBUG] Hook called: TEST_PhoneNumbers::after_retrieve
Mon Mar 31 00:18:50 2025 [11570][1][DEBUG] Hook called: TEST_PhoneNumbers::before_retrieve
Mon Mar 31 00:18:50 2025 [11570][1][DEBUG] Retrieve TEST_PhoneNumbers : SELECT test_phonenumbers.* FROM test_phonenumbers  WHERE test_phonenumbers.id = '7c1a86eb-5a0c-332b-8085-67e8264fa4b5' AND test_phonenumbers.deleted=0
Mon Mar 31 00:18:50 2025 [11570][1][DEBUG] Limit Query:SELECT test_phonenumbers.* FROM test_phonenumbers  WHERE test_phonenumbers.id = '7c1a86eb-5a0c-332b-8085-67e8264fa4b5' AND test_phonenumbers.deleted=0 Start: 0 count: 1
Mon Mar 31 00:18:50 2025 [11570][1][INFO] Query:SELECT test_phonenumbers.* FROM test_phonenumbers  WHERE test_phonenumbers.id = '7c1a86eb-5a0c-332b-8085-67e8264fa4b5' AND test_phonenumbers.deleted=0 LIMIT 0,1
Mon Mar 31 00:18:50 2025 [11570][1][INFO] Query Execution Time:0.00032997131347656
Mon Mar 31 00:18:50 2025 [11570][1][DEBUG] Hook called: TEST_PhoneNumbers::before_retrieve
Mon Mar 31 00:18:50 2025 [11570][1][DEBUG] Retrieve TEST_PhoneNumbers : SELECT test_phonenumbers.* FROM test_phonenumbers  WHERE test_phonenumbers.id = '7c1a86eb-5a0c-332b-8085-67e8264fa4b5' AND test_phonenumbers.deleted=0
Mon Mar 31 00:18:50 2025 [11570][1][DEBUG] Limit Query:SELECT test_phonenumbers.* FROM test_phonenumbers  WHERE test_phonenumbers.id = '7c1a86eb-5a0c-332b-8085-67e8264fa4b5' AND test_phonenumbers.deleted=0 Start: 0 count: 1
Mon Mar 31 00:18:50 2025 [11570][1][INFO] Query:SELECT test_phonenumbers.* FROM test_phonenumbers  WHERE test_phonenumbers.id = '7c1a86eb-5a0c-332b-8085-67e8264fa4b5' AND test_phonenumbers.deleted=0 LIMIT 0,1
Mon Mar 31 00:18:50 2025 [11570][1][INFO] Query Execution Time:0.00033187866210938
Mon Mar 31 00:18:50 2025 [11570][1][DEBUG] Hook called: TEST_PhoneNumbers::before_retrieve
Mon Mar 31 00:18:50 2025 [11570][1][DEBUG] Retrieve TEST_PhoneNumbers : SELECT test_phonenumbers.* FROM test_phonenumbers  WHERE test_phonenumbers.id = '7c1a86eb-5a0c-332b-8085-67e8264fa4b5' AND test_phonenumbers.deleted=0
Mon Mar 31 00:18:50 2025 [11570][1][DEBUG] Limit Query:SELECT test_phonenumbers.* FROM test_phonenumbers  WHERE test_phonenumbers.id = '7c1a86eb-5a0c-332b-8085-67e8264fa4b5' AND test_phonenumbers.deleted=0 Start: 0 count: 1
Mon Mar 31 00:18:50 2025 [11570][1][INFO] Query:SELECT test_phonenumbers.* FROM test_phonenumbers  WHERE test_phonenumbers.id = '7c1a86eb-5a0c-332b-8085-67e8264fa4b5' AND test_phonenumbers.deleted=0 LIMIT 0,1
Mon Mar 31 00:18:50 2025 [11570][1][INFO] Query Execution Time:0.00037097930908203
Mon Mar 31 00:18:50 2025 [11570][1][DEBUG] metadatafile=modules/TEST_PhoneNumbers/metadata/editviewdefs.php
Mon Mar 31 00:18:54 2025 [11570][1][DEBUG] Hook called: TEST_PhoneNumbers::after_ui_frame
Mon Mar 31 00:18:54 2025 [11570][1][DEBUG] Creating new instance of hook class hooks without parameters
Mon Mar 31 00:18:54 2025 [11570][1][DEBUG] Creating new instance of hook class AssignGroups without parameters
Mon Mar 31 00:18:54 2025 [11570][1][INFO] Query:SELECT meetings.id, name,reminder_time, description,location, status, parent_type, parent_id, date_start, assigned_user_id
			FROM meetings LEFT JOIN meetings_users ON meetings.id = meetings_users.meeting_id
			WHERE meetings_users.user_id ='1'
				AND meetings_users.accept_status != 'decline'
				AND meetings.reminder_time != -1
				AND meetings_users.deleted != 1
				AND meetings.status = 'Planned'
			    AND date_start >= '2025-03-31 00:17:40'
			    AND date_start <= '2025-04-01 01:18:40'
Mon Mar 31 00:18:54 2025 [11570][1][INFO] Query Execution Time:0.00048518180847168
Mon Mar 31 00:18:54 2025 [11570][1][INFO] Query:
				SELECT calls.id, name, reminder_time, description, date_start, status, parent_type, parent_id
				FROM calls LEFT JOIN calls_users ON calls.id = calls_users.call_id
				WHERE calls_users.user_id ='1'
				    AND calls_users.accept_status != 'decline'
				    AND calls.reminder_time != -1
					AND calls_users.deleted != 1
					AND calls.status = 'Planned'
				    AND date_start >= '2025-03-31 00:17:40'
				    AND date_start <= '2025-04-01 01:18:40'
Mon Mar 31 00:18:54 2025 [11570][1][INFO] Query Execution Time:0.00035381317138672
Mon Mar 31 00:18:54 2025 [11570][1][DEBUG] SuiteCRM\ModuleInstall\ExtensionManager::compileExtensionFiles() : Merging module files in custom/Extension/modules/<module>/Language to custom/modules/<module>/Language/en_us.lang.ext.php
Mon Mar 31 00:18:54 2025 [11570][1][DEBUG] Merging application files for en_us.lang.ext.php in Language
Mon Mar 31 00:18:54 2025 [11570][1][DEBUG] rebuilding cache for Reminders
Mon Mar 31 00:18:54 2025 [11570][1][INFO] Query:SELECT * FROM fields_meta_data WHERE  custom_module='Reminders' AND  deleted = 0
Mon Mar 31 00:18:54 2025 [11570][1][INFO] Query Execution Time:0.00046014785766602
Mon Mar 31 00:18:54 2025 [11570][1][DEBUG] get_full_list:  order_by = '' and where = 'reminders.popup = 1 AND (reminders.date_willexecute = -1 OR reminders.date_willexecute BETWEEN 1743380320 AND 1743470320)'
Mon Mar 31 00:18:54 2025 [11570][1][DEBUG] Hook called: Reminders::before_acl_query
Mon Mar 31 00:18:54 2025 [11570][1][DEBUG] SugarBean[Reminder].load_relationships, Loading relationship (modified_user_link).
Mon Mar 31 00:18:54 2025 [11570][1][DEBUG] SugarBean[Reminder].load_relationships, Loading relationship (created_by_link).
Mon Mar 31 00:18:54 2025 [11570][1][DEBUG] SugarBean[Reminder].load_relationships, Loading relationship (assigned_user_link).
Mon Mar 31 00:18:54 2025 [11570][1][DEBUG] process_full_list_query: query is  SELECT  reminders.*  , jt0.user_name modified_by_name , jt0.created_by modified_by_name_owner  , 'Users' modified_by_name_mod , jt1.user_name created_by_name , jt1.created_by created_by_name_owner  , 'Users' created_by_name_mod , jt2.user_name assigned_user_name , jt2.created_by assigned_user_name_owner  , 'Users' assigned_user_name_mod FROM reminders   LEFT JOIN  users jt0 ON reminders.modified_user_id=jt0.id AND jt0.deleted=0

 AND jt0.deleted=0  LEFT JOIN  users jt1 ON reminders.created_by=jt1.id AND jt1.deleted=0

 AND jt1.deleted=0  LEFT JOIN  users jt2 ON reminders.assigned_user_id=jt2.id AND jt2.deleted=0

 AND jt2.deleted=0 where (reminders.popup = 1 AND (reminders.date_willexecute = -1 OR reminders.date_willexecute BETWEEN 1743380320 AND 1743470320)) AND reminders.deleted=0
Mon Mar 31 00:18:54 2025 [11570][1][INFO] Query: SELECT  reminders.*  , jt0.user_name modified_by_name , jt0.created_by modified_by_name_owner  , 'Users' modified_by_name_mod , jt1.user_name created_by_name , jt1.created_by created_by_name_owner  , 'Users' created_by_name_mod , jt2.user_name assigned_user_name , jt2.created_by assigned_user_name_owner  , 'Users' assigned_user_name_mod FROM reminders   LEFT JOIN  users jt0 ON reminders.modified_user_id=jt0.id AND jt0.deleted=0

 AND jt0.deleted=0  LEFT JOIN  users jt1 ON reminders.created_by=jt1.id AND jt1.deleted=0

 AND jt1.deleted=0  LEFT JOIN  users jt2 ON reminders.assigned_user_id=jt2.id AND jt2.deleted=0

 AND jt2.deleted=0 where (reminders.popup = 1 AND (reminders.date_willexecute = -1 OR reminders.date_willexecute BETWEEN 1743380320 AND 1743470320)) AND reminders.deleted=0
Mon Mar 31 00:18:54 2025 [11570][1][INFO] Query Execution Time:0.00053095817565918
Mon Mar 31 00:18:54 2025 [11570][1][DEBUG] process_full_list_query: result is mysqli_result Object
(
    [current_field] => 0
    [field_count] => 27
    [lengths] => 
    [num_rows] => 0
    [type] => 0
)

Mon Mar 31 00:18:55 2025 [11570][1][DEBUG] Hook called: ::after_ui_footer
Mon Mar 31 00:18:55 2025 [11570][1][DEBUG] Creating new instance of hook class AssignGroups without parameters
Mon Mar 31 00:18:55 2025 [11570][1][DEBUG] Hook called: ::server_round_trip
Mon Mar 31 00:18:55 2025 [11570][1][DEBUG] Calling MySQLi::disconnect()
Mon Mar 31 00:18:59 2025 [9581][-none-][DEBUG] current_language is: en_us
Mon Mar 31 00:18:59 2025 [9581][-none-][DEBUG] Found cache backend SugarCacheAPC
Mon Mar 31 00:18:59 2025 [9581][-none-][DEBUG] Found cache backend SugarCacheFile
Mon Mar 31 00:18:59 2025 [9581][-none-][DEBUG] Found cache backend SugarCacheMemcache
Mon Mar 31 00:18:59 2025 [9581][-none-][DEBUG] Found cache backend SugarCacheMemcached
Mon Mar 31 00:18:59 2025 [9581][-none-][DEBUG] Found cache backend SugarCacheMemory
Mon Mar 31 00:18:59 2025 [9581][-none-][DEBUG] Using cache backend SugarCacheMemory, since 999 is less than 1000
Mon Mar 31 00:18:59 2025 [9581][-none-][DEBUG] Found cache backend SugarCacheRedis
Mon Mar 31 00:18:59 2025 [9581][-none-][DEBUG] Found cache backend SugarCachesMash
Mon Mar 31 00:18:59 2025 [9581][-none-][DEBUG] Found cache backend SugarCacheWincache
Mon Mar 31 00:18:59 2025 [9581][-none-][DEBUG] Found cache backend SugarCacheZend
Mon Mar 31 00:18:59 2025 [9581][-none-][INFO] Found language file: en_us.lang.php
Mon Mar 31 00:18:59 2025 [9581][-none-][INFO] Found extended language file: en_us.lang.ext.php
Mon Mar 31 00:18:59 2025 [9581][-none-][WARN] Configuration variable date.timezone is not set, guessed timezone UTC. Please set date.timezone="UTC" in php.ini!
Mon Mar 31 00:18:59 2025 [9581][-none-][INFO] Query:SELECT id, name, symbol, conversion_rate FROM currencies WHERE status = 'Active' and deleted = 0
Mon Mar 31 00:18:59 2025 [9581][-none-][INFO] Query Execution Time:0.00028491020202637
Mon Mar 31 00:18:59 2025 [9581][-none-][DEBUG] rebuilding cache for Users
Mon Mar 31 00:18:59 2025 [9581][-none-][INFO] Query:SELECT * FROM fields_meta_data WHERE  custom_module='Users' AND  deleted = 0
Mon Mar 31 00:18:59 2025 [9581][-none-][INFO] Query Execution Time:0.00052404403686523
Mon Mar 31 00:19:00 2025 [9581][-none-][DEBUG] rebuilding cache for Employees
Mon Mar 31 00:19:00 2025 [9581][-none-][INFO] Query:SELECT * FROM fields_meta_data WHERE  custom_module='Employees' AND  deleted = 0
Mon Mar 31 00:19:00 2025 [9581][-none-][INFO] Query Execution Time:0.00043702125549316
Mon Mar 31 00:19:00 2025 [9581][-none-][DEBUG] rebuilding cache for EmailAddresses
Mon Mar 31 00:19:00 2025 [9581][-none-][INFO] Query:SELECT * FROM fields_meta_data WHERE  custom_module='EmailAddresses' AND  deleted = 0
Mon Mar 31 00:19:00 2025 [9581][-none-][INFO] Query Execution Time:0.00038909912109375
Mon Mar 31 00:19:00 2025 [9581][-none-][DEBUG] rebuilding cache for UserPreferences
Mon Mar 31 00:19:00 2025 [9581][-none-][INFO] Query:SELECT * FROM fields_meta_data WHERE  custom_module='UserPreferences' AND  deleted = 0
Mon Mar 31 00:19:00 2025 [9581][-none-][INFO] Query Execution Time:0.00039196014404297
Mon Mar 31 00:19:00 2025 [9581][-none-][DEBUG] rebuilding cache for Administration
Mon Mar 31 00:19:00 2025 [9581][-none-][INFO] Query:SELECT * FROM fields_meta_data WHERE  custom_module='Administration' AND  deleted = 0
Mon Mar 31 00:19:00 2025 [9581][-none-][INFO] Query Execution Time:0.00039005279541016
Mon Mar 31 00:19:00 2025 [9581][-none-][INFO] Query:SELECT category, name, value FROM config
Mon Mar 31 00:19:00 2025 [9581][-none-][INFO] Query Execution Time:0.0004880428314209
Mon Mar 31 00:19:00 2025 [9581][-none-][INFO] Query:SELECT id FROM outbound_email WHERE type = 'system' AND deleted = 0
Mon Mar 31 00:19:00 2025 [9581][-none-][INFO] Query Execution Time:0.00040602684020996
Mon Mar 31 00:19:00 2025 [9581][-none-][INFO] Query:SELECT * FROM outbound_email WHERE id = '9f511e14-b421-834c-19d7-67e81d8d1ac8'
Mon Mar 31 00:19:00 2025 [9581][-none-][INFO] Query Execution Time:0.00039410591125488
Mon Mar 31 00:19:00 2025 [9581][-none-][DEBUG] Hook called: ::after_entry_point
Mon Mar 31 00:19:00 2025 [9581][-none-][DEBUG] Including module specific hook file for custom/modules
Mon Mar 31 00:19:00 2025 [9581][-none-][DEBUG] Including Ext hook file for custom/application
Mon Mar 31 00:19:00 2025 [9581][-none-][DEBUG] Hook called: ::after_session_start
Mon Mar 31 00:19:00 2025 [9581][-none-][DEBUG] Unable to find SugarController:: get
Mon Mar 31 00:19:00 2025 [9581][-none-][DEBUG] We have an authenticated user id: 1
Mon Mar 31 00:19:00 2025 [9581][-none-][DEBUG] Hook called: Users::before_retrieve
Mon Mar 31 00:19:00 2025 [9581][-none-][DEBUG] Including module specific hook file for custom/modules/Users
Mon Mar 31 00:19:00 2025 [9581][-none-][DEBUG] Retrieve User : SELECT users.* FROM users  WHERE users.id = '1' AND users.deleted=0
Mon Mar 31 00:19:00 2025 [9581][-none-][DEBUG] Limit Query:SELECT users.* FROM users  WHERE users.id = '1' AND users.deleted=0 Start: 0 count: 1
Mon Mar 31 00:19:00 2025 [9581][-none-][INFO] Query:SELECT users.* FROM users  WHERE users.id = '1' AND users.deleted=0 LIMIT 0,1
Mon Mar 31 00:19:00 2025 [9581][-none-][INFO] Query Execution Time:0.00045490264892578
Mon Mar 31 00:19:00 2025 [9581][1][DEBUG] get_user_array query: SELECT id, first_name, last_name, user_name FROM users WHERE 1=1 ORDER BY first_name, last_name ASC
Mon Mar 31 00:19:00 2025 [9581][1][INFO] Query:SELECT id, first_name, last_name, user_name FROM users WHERE 1=1 ORDER BY first_name, last_name ASC
Mon Mar 31 00:19:00 2025 [9581][1][INFO] Query Execution Time:0.00023293495178223
Mon Mar 31 00:19:00 2025 [9581][1][INFO] Query:SELECT u1.first_name, u1.last_name from users  u1, users  u2 where u1.id = u2.reports_to_id AND u2.id = '1' and u1.deleted=0
Mon Mar 31 00:19:00 2025 [9581][1][INFO] Query Execution Time:0.00018811225891113
Mon Mar 31 00:19:00 2025 [9581][1][DEBUG] SugarBean[User].load_relationships, Loading relationship (reports_to_link).
Mon Mar 31 00:19:00 2025 [9581][1][INFO] Query:SELECT 
                    ea.email_address,
                    ea.email_address_caps,
                    ea.invalid_email,
                    ea.opt_out,
                    ea.confirm_opt_in,
                    ea.date_created,
                    ea.date_modified,
                    ear.id,
                    ear.email_address_id,
                    ear.bean_id,
                    ear.bean_module,
                    ear.primary_address,
                    ear.reply_to_address,
                    ear.deleted
                FROM email_addresses ea LEFT JOIN email_addr_bean_rel ear ON ea.id = ear.email_address_id
                WHERE 
                    ear.bean_module = 'Users'
                    AND ear.bean_id = '1'
                    AND ear.deleted = 0
                ORDER BY ear.reply_to_address, ear.primary_address DESC
Mon Mar 31 00:19:00 2025 [9581][1][INFO] Query Execution Time:0.00041794776916504
Mon Mar 31 00:19:00 2025 [9581][1][DEBUG] Hook called: Users::after_retrieve
Mon Mar 31 00:19:00 2025 [9581][1][DEBUG] FACTOR AUTH: -------------------------------------------------------------
Mon Mar 31 00:19:00 2025 [9581][1][DEBUG] FACTOR AUTH: --------------------- CHECK FACTOR AUtH ---------------------
Mon Mar 31 00:19:00 2025 [9581][1][DEBUG] FACTOR AUTH: -------------------------------------------------------------
Mon Mar 31 00:19:00 2025 [9581][1][DEBUG] FACTOR AUTH: User needs factor auth, request is not Logout
Mon Mar 31 00:19:00 2025 [9581][1][DEBUG] FACTOR AUTH: User does`nt need factor auth
Mon Mar 31 00:19:00 2025 [9581][1][DEBUG] Current user is: admin
Mon Mar 31 00:19:00 2025 [9581][1][DEBUG] Current user is: admin
Mon Mar 31 00:19:00 2025 [9581][1][DEBUG] setting cookie ck_login_id_20 to 1
Mon Mar 31 00:19:00 2025 [9581][1][DEBUG] setting cookie ck_login_language_20 to en_us
Mon Mar 31 00:19:00 2025 [9581][1][DEBUG] current_language is: en_us
Mon Mar 31 00:19:00 2025 [9581][1][INFO] Found language file: en_us.lang.php
Mon Mar 31 00:19:00 2025 [9581][1][INFO] Found extended language file: en_us.lang.ext.php
Mon Mar 31 00:19:00 2025 [9581][1][DEBUG] SuiteCRM\ModuleInstall\ExtensionManager::compileExtensionFiles() : Merging module files in custom/Extension/modules/<module>/Language to custom/modules/<module>/Language/en_us.lang.ext.php
Mon Mar 31 00:19:01 2025 [9581][1][DEBUG] Merging application files for en_us.lang.ext.php in Language
Mon Mar 31 00:19:01 2025 [9581][1][DEBUG] rebuilding cache for Alerts
Mon Mar 31 00:19:01 2025 [9581][1][INFO] Query:SELECT * FROM fields_meta_data WHERE  custom_module='Alerts' AND  deleted = 0
Mon Mar 31 00:19:01 2025 [9581][1][INFO] Query Execution Time:0.00045990943908691
Mon Mar 31 00:19:01 2025 [9581][1][DEBUG] Performing action: action_get MODULE: Alerts
Mon Mar 31 00:19:01 2025 [9581][1][DEBUG] get_full_list:  order_by = 'alerts.date_entered' and where = 'alerts.assigned_user_id = '1' AND is_read != '1''
Mon Mar 31 00:19:01 2025 [9581][1][DEBUG] Hook called: Alerts::before_acl_query
Mon Mar 31 00:19:01 2025 [9581][1][DEBUG] SugarBean[Alert].load_relationships, Loading relationship (modified_user_link).
Mon Mar 31 00:19:01 2025 [9581][1][DEBUG] SugarBean[Alert].load_relationships, Loading relationship (created_by_link).
Mon Mar 31 00:19:01 2025 [9581][1][DEBUG] SugarBean[Alert].load_relationships, Loading relationship (assigned_user_link).
Mon Mar 31 00:19:01 2025 [9581][1][DEBUG] process_order_by: (alerts.date_entered) does not have a vardef entry.
Mon Mar 31 00:19:01 2025 [9581][1][DEBUG] process_full_list_query: query is  SELECT  alerts.*  , jt0.user_name modified_by_name , jt0.created_by modified_by_name_owner  , 'Users' modified_by_name_mod , jt1.user_name created_by_name , jt1.created_by created_by_name_owner  , 'Users' created_by_name_mod , jt2.user_name assigned_user_name , jt2.created_by assigned_user_name_owner  , 'Users' assigned_user_name_mod FROM alerts   LEFT JOIN  users jt0 ON alerts.modified_user_id=jt0.id AND jt0.deleted=0

 AND jt0.deleted=0  LEFT JOIN  users jt1 ON alerts.created_by=jt1.id AND jt1.deleted=0

 AND jt1.deleted=0  LEFT JOIN  users jt2 ON alerts.assigned_user_id=jt2.id AND jt2.deleted=0

 AND jt2.deleted=0 where (alerts.assigned_user_id = '1' AND is_read != '1') AND alerts.deleted=0
Mon Mar 31 00:19:01 2025 [9581][1][INFO] Query: SELECT  alerts.*  , jt0.user_name modified_by_name , jt0.created_by modified_by_name_owner  , 'Users' modified_by_name_mod , jt1.user_name created_by_name , jt1.created_by created_by_name_owner  , 'Users' created_by_name_mod , jt2.user_name assigned_user_name , jt2.created_by assigned_user_name_owner  , 'Users' assigned_user_name_mod FROM alerts   LEFT JOIN  users jt0 ON alerts.modified_user_id=jt0.id AND jt0.deleted=0

 AND jt0.deleted=0  LEFT JOIN  users jt1 ON alerts.created_by=jt1.id AND jt1.deleted=0

 AND jt1.deleted=0  LEFT JOIN  users jt2 ON alerts.assigned_user_id=jt2.id AND jt2.deleted=0

 AND jt2.deleted=0 where (alerts.assigned_user_id = '1' AND is_read != '1') AND alerts.deleted=0
Mon Mar 31 00:19:01 2025 [9581][1][INFO] Query Execution Time:0.00045585632324219
Mon Mar 31 00:19:01 2025 [9581][1][DEBUG] process_full_list_query: result is mysqli_result Object
(
    [current_field] => 0
    [field_count] => 23
    [lengths] => 
    [num_rows] => 0
    [type] => 0
)

Mon Mar 31 00:19:01 2025 [9581][1][DEPRECATED] Array
(
)

Mon Mar 31 00:19:01 2025 [9581][1][DEBUG] Hook called: ::server_round_trip
Mon Mar 31 00:19:01 2025 [9581][1][DEBUG] Calling MySQLi::disconnect()
Mon Mar 31 00:19:18 2025 [11570][-none-][DEBUG] current_language is: en_us
Mon Mar 31 00:19:18 2025 [11570][-none-][DEBUG] Found cache backend SugarCacheAPC
Mon Mar 31 00:19:18 2025 [11570][-none-][DEBUG] Found cache backend SugarCacheFile
Mon Mar 31 00:19:18 2025 [11570][-none-][DEBUG] Found cache backend SugarCacheMemcache
Mon Mar 31 00:19:18 2025 [11570][-none-][DEBUG] Found cache backend SugarCacheMemcached
Mon Mar 31 00:19:18 2025 [11570][-none-][DEBUG] Found cache backend SugarCacheMemory
Mon Mar 31 00:19:18 2025 [11570][-none-][DEBUG] Using cache backend SugarCacheMemory, since 999 is less than 1000
Mon Mar 31 00:19:18 2025 [11570][-none-][DEBUG] Found cache backend SugarCacheRedis
Mon Mar 31 00:19:18 2025 [11570][-none-][DEBUG] Found cache backend SugarCachesMash
Mon Mar 31 00:19:18 2025 [11570][-none-][DEBUG] Found cache backend SugarCacheWincache
Mon Mar 31 00:19:18 2025 [11570][-none-][DEBUG] Found cache backend SugarCacheZend
Mon Mar 31 00:19:18 2025 [11570][-none-][INFO] Found language file: en_us.lang.php
Mon Mar 31 00:19:18 2025 [11570][-none-][INFO] Found extended language file: en_us.lang.ext.php
Mon Mar 31 00:19:18 2025 [11570][-none-][WARN] Configuration variable date.timezone is not set, guessed timezone UTC. Please set date.timezone="UTC" in php.ini!
Mon Mar 31 00:19:18 2025 [11570][-none-][INFO] Query:SELECT id, name, symbol, conversion_rate FROM currencies WHERE status = 'Active' and deleted = 0
Mon Mar 31 00:19:18 2025 [11570][-none-][INFO] Query Execution Time:0.0002901554107666
Mon Mar 31 00:19:18 2025 [11570][-none-][DEBUG] rebuilding cache for Users
Mon Mar 31 00:19:18 2025 [11570][-none-][INFO] Query:SELECT * FROM fields_meta_data WHERE  custom_module='Users' AND  deleted = 0
Mon Mar 31 00:19:18 2025 [11570][-none-][INFO] Query Execution Time:0.00035214424133301
Mon Mar 31 00:19:18 2025 [11570][-none-][DEBUG] rebuilding cache for Employees
Mon Mar 31 00:19:18 2025 [11570][-none-][INFO] Query:SELECT * FROM fields_meta_data WHERE  custom_module='Employees' AND  deleted = 0
Mon Mar 31 00:19:18 2025 [11570][-none-][INFO] Query Execution Time:0.00044512748718262
Mon Mar 31 00:19:19 2025 [11570][-none-][DEBUG] rebuilding cache for EmailAddresses
Mon Mar 31 00:19:19 2025 [11570][-none-][INFO] Query:SELECT * FROM fields_meta_data WHERE  custom_module='EmailAddresses' AND  deleted = 0
Mon Mar 31 00:19:19 2025 [11570][-none-][INFO] Query Execution Time:0.00040292739868164
Mon Mar 31 00:19:19 2025 [11570][-none-][DEBUG] rebuilding cache for UserPreferences
Mon Mar 31 00:19:19 2025 [11570][-none-][INFO] Query:SELECT * FROM fields_meta_data WHERE  custom_module='UserPreferences' AND  deleted = 0
Mon Mar 31 00:19:19 2025 [11570][-none-][INFO] Query Execution Time:0.00045204162597656
Mon Mar 31 00:19:19 2025 [11570][-none-][DEBUG] rebuilding cache for Administration
Mon Mar 31 00:19:19 2025 [11570][-none-][INFO] Query:SELECT * FROM fields_meta_data WHERE  custom_module='Administration' AND  deleted = 0
Mon Mar 31 00:19:19 2025 [11570][-none-][INFO] Query Execution Time:0.00040102005004883
Mon Mar 31 00:19:19 2025 [11570][-none-][INFO] Query:SELECT category, name, value FROM config
Mon Mar 31 00:19:19 2025 [11570][-none-][INFO] Query Execution Time:0.00036406517028809
Mon Mar 31 00:19:19 2025 [11570][-none-][INFO] Query:SELECT id FROM outbound_email WHERE type = 'system' AND deleted = 0
Mon Mar 31 00:19:19 2025 [11570][-none-][INFO] Query Execution Time:0.00023102760314941
Mon Mar 31 00:19:19 2025 [11570][-none-][INFO] Query:SELECT * FROM outbound_email WHERE id = '9f511e14-b421-834c-19d7-67e81d8d1ac8'
Mon Mar 31 00:19:19 2025 [11570][-none-][INFO] Query Execution Time:0.00037002563476562
Mon Mar 31 00:19:19 2025 [11570][-none-][DEBUG] Hook called: ::after_entry_point
Mon Mar 31 00:19:19 2025 [11570][-none-][DEBUG] Including module specific hook file for custom/modules
Mon Mar 31 00:19:19 2025 [11570][-none-][DEBUG] Including Ext hook file for custom/application
Mon Mar 31 00:19:19 2025 [11570][-none-][DEBUG] Hook called: ::after_session_start
Mon Mar 31 00:19:19 2025 [11570][-none-][DEBUG] Unable to find SugarController:: Save
Mon Mar 31 00:19:19 2025 [11570][-none-][DEBUG] We have an authenticated user id: 1
Mon Mar 31 00:19:19 2025 [11570][-none-][DEBUG] Hook called: Users::before_retrieve
Mon Mar 31 00:19:19 2025 [11570][-none-][DEBUG] Including module specific hook file for custom/modules/Users
Mon Mar 31 00:19:19 2025 [11570][-none-][DEBUG] Retrieve User : SELECT users.* FROM users  WHERE users.id = '1' AND users.deleted=0
Mon Mar 31 00:19:19 2025 [11570][-none-][DEBUG] Limit Query:SELECT users.* FROM users  WHERE users.id = '1' AND users.deleted=0 Start: 0 count: 1
Mon Mar 31 00:19:19 2025 [11570][-none-][INFO] Query:SELECT users.* FROM users  WHERE users.id = '1' AND users.deleted=0 LIMIT 0,1
Mon Mar 31 00:19:19 2025 [11570][-none-][INFO] Query Execution Time:0.00039815902709961
Mon Mar 31 00:19:19 2025 [11570][1][DEBUG] get_user_array query: SELECT id, first_name, last_name, user_name FROM users WHERE 1=1 ORDER BY first_name, last_name ASC
Mon Mar 31 00:19:19 2025 [11570][1][INFO] Query:SELECT id, first_name, last_name, user_name FROM users WHERE 1=1 ORDER BY first_name, last_name ASC
Mon Mar 31 00:19:19 2025 [11570][1][INFO] Query Execution Time:0.00022101402282715
Mon Mar 31 00:19:19 2025 [11570][1][INFO] Query:SELECT u1.first_name, u1.last_name from users  u1, users  u2 where u1.id = u2.reports_to_id AND u2.id = '1' and u1.deleted=0
Mon Mar 31 00:19:19 2025 [11570][1][INFO] Query Execution Time:0.00017690658569336
Mon Mar 31 00:19:19 2025 [11570][1][DEBUG] SugarBean[User].load_relationships, Loading relationship (reports_to_link).
Mon Mar 31 00:19:19 2025 [11570][1][INFO] Query:SELECT 
                    ea.email_address,
                    ea.email_address_caps,
                    ea.invalid_email,
                    ea.opt_out,
                    ea.confirm_opt_in,
                    ea.date_created,
                    ea.date_modified,
                    ear.id,
                    ear.email_address_id,
                    ear.bean_id,
                    ear.bean_module,
                    ear.primary_address,
                    ear.reply_to_address,
                    ear.deleted
                FROM email_addresses ea LEFT JOIN email_addr_bean_rel ear ON ea.id = ear.email_address_id
                WHERE 
                    ear.bean_module = 'Users'
                    AND ear.bean_id = '1'
                    AND ear.deleted = 0
                ORDER BY ear.reply_to_address, ear.primary_address DESC
Mon Mar 31 00:19:19 2025 [11570][1][INFO] Query Execution Time:0.00045490264892578
Mon Mar 31 00:19:19 2025 [11570][1][DEBUG] Hook called: Users::after_retrieve
Mon Mar 31 00:19:19 2025 [11570][1][DEBUG] FACTOR AUTH: -------------------------------------------------------------
Mon Mar 31 00:19:19 2025 [11570][1][DEBUG] FACTOR AUTH: --------------------- CHECK FACTOR AUtH ---------------------
Mon Mar 31 00:19:19 2025 [11570][1][DEBUG] FACTOR AUTH: -------------------------------------------------------------
Mon Mar 31 00:19:19 2025 [11570][1][DEBUG] FACTOR AUTH: User needs factor auth, request is not Logout
Mon Mar 31 00:19:19 2025 [11570][1][DEBUG] FACTOR AUTH: User does`nt need factor auth
Mon Mar 31 00:19:19 2025 [11570][1][DEBUG] Current user is: admin
Mon Mar 31 00:19:19 2025 [11570][1][DEBUG] Current user is: admin
Mon Mar 31 00:19:19 2025 [11570][1][DEBUG] setting cookie ck_login_id_20 to 1
Mon Mar 31 00:19:19 2025 [11570][1][DEBUG] setting cookie ck_login_language_20 to en_us
Mon Mar 31 00:19:19 2025 [11570][1][DEBUG] current_language is: en_us
Mon Mar 31 00:19:19 2025 [11570][1][INFO] Found language file: en_us.lang.php
Mon Mar 31 00:19:19 2025 [11570][1][INFO] Found extended language file: en_us.lang.ext.php
Mon Mar 31 00:19:19 2025 [11570][1][DEBUG] SuiteCRM\ModuleInstall\ExtensionManager::compileExtensionFiles() : Merging module files in custom/Extension/modules/<module>/Language to custom/modules/<module>/Language/en_us.lang.ext.php
Mon Mar 31 00:19:20 2025 [11570][1][DEBUG] Merging application files for en_us.lang.ext.php in Language
Mon Mar 31 00:19:20 2025 [11570][1][DEBUG] rebuilding cache for TEST_PhoneNumbers
Mon Mar 31 00:19:20 2025 [11570][1][INFO] Query:SELECT * FROM fields_meta_data WHERE  custom_module='TEST_PhoneNumbers' AND  deleted = 0
Mon Mar 31 00:19:20 2025 [11570][1][INFO] Query Execution Time:0.00044488906860352
Mon Mar 31 00:19:20 2025 [11570][1][DEBUG] Performing pre_action
Mon Mar 31 00:19:20 2025 [11570][1][DEBUG] SugarController:: performing pre_save.
Mon Mar 31 00:19:20 2025 [11570][1][DEBUG] Performing action: action_save MODULE: TEST_PhoneNumbers
Mon Mar 31 00:19:25 2025 [11570][1][DEBUG] Hook called: TEST_PhoneNumbers::before_save
Mon Mar 31 00:19:25 2025 [11570][1][INFO] Query:INSERT INTO test_phonenumbers (id,date_entered,date_modified,modified_user_id,created_by,deleted,phone_number)
					VALUES ('8c621288-1a2f-cf62-1ec1-67e9df11f699','2025-03-31 00:19:18','2025-03-31 00:19:18','1','1',0,'*234567890')
Mon Mar 31 00:19:25 2025 [11570][1][INFO] Query Execution Time:0.098993062973022
Mon Mar 31 00:19:25 2025 [11570][1][DEBUG] rebuilding cache for Relationships
Mon Mar 31 00:19:25 2025 [11570][1][INFO] Query:SELECT * FROM fields_meta_data WHERE  custom_module='Relationships' AND  deleted = 0
Mon Mar 31 00:19:25 2025 [11570][1][INFO] Query Execution Time:0.0004429817199707
Mon Mar 31 00:19:25 2025 [11570][1][DEBUG] SecuritySuite: Get SecuritySuite Enabled Modules: SELECT lhs_module, rhs_module FROM relationships WHERE deleted=0 AND (lhs_module = 'SecurityGroups' OR rhs_module='SecurityGroups')
Mon Mar 31 00:19:25 2025 [11570][1][INFO] Query:SELECT lhs_module, rhs_module FROM relationships WHERE deleted=0 AND (lhs_module = 'SecurityGroups' OR rhs_module='SecurityGroups')
Mon Mar 31 00:19:25 2025 [11570][1][INFO] Query Execution Time:0.0011541843414307
Mon Mar 31 00:19:25 2025 [11570][1][DEBUG] SecuritySuite: Retrieve Default Groups: select securitygroups_default.id, securitygroups.name, securitygroups_default.module, securitygroups_default.securitygroup_id from securitygroups_default inner join securitygroups on securitygroups_default.securitygroup_id = securitygroups.id where securitygroups_default.deleted = 0 and securitygroups.deleted = 0
Mon Mar 31 00:19:25 2025 [11570][1][INFO] Query:select securitygroups_default.id, securitygroups.name, securitygroups_default.module, securitygroups_default.securitygroup_id from securitygroups_default inner join securitygroups on securitygroups_default.securitygroup_id = securitygroups.id where securitygroups_default.deleted = 0 and securitygroups.deleted = 0
Mon Mar 31 00:19:25 2025 [11570][1][INFO] Query Execution Time:0.00088691711425781
Mon Mar 31 00:19:25 2025 [11570][1][DEBUG] SecuritySuite: Get SecuritySuite Enabled Modules: SELECT lhs_module, rhs_module FROM relationships WHERE deleted=0 AND (lhs_module = 'SecurityGroups' OR rhs_module='SecurityGroups')
Mon Mar 31 00:19:25 2025 [11570][1][INFO] Query:SELECT lhs_module, rhs_module FROM relationships WHERE deleted=0 AND (lhs_module = 'SecurityGroups' OR rhs_module='SecurityGroups')
Mon Mar 31 00:19:25 2025 [11570][1][INFO] Query Execution Time:0.00056314468383789
Mon Mar 31 00:19:25 2025 [11570][1][DEBUG] SecuritySuite: Get SecuritySuite Enabled Modules: SELECT lhs_module, rhs_module FROM relationships WHERE deleted=0 AND (lhs_module = 'SecurityGroups' OR rhs_module='SecurityGroups')
Mon Mar 31 00:19:25 2025 [11570][1][INFO] Query:SELECT lhs_module, rhs_module FROM relationships WHERE deleted=0 AND (lhs_module = 'SecurityGroups' OR rhs_module='SecurityGroups')
Mon Mar 31 00:19:25 2025 [11570][1][INFO] Query Execution Time:0.00057697296142578
Mon Mar 31 00:19:25 2025 [11570][1][DEBUG] SecuritySuite: Inherit from Creator: INSERT INTO securitygroups_records(id,securitygroup_id,record_id,module,date_modified,deleted) SELECT DISTINCT  uuid() ,u.securitygroup_id,'8c621288-1a2f-cf62-1ec1-67e9df11f699','TEST_PhoneNumbers',CURDATE(),0 from securitygroups_users u inner join securitygroups g on u.securitygroup_id = g.id and g.deleted = 0 and (g.noninheritable is null or g.noninheritable <> 1) left join securitygroups_records d on d.securitygroup_id = u.securitygroup_id and d.record_id = '8c621288-1a2f-cf62-1ec1-67e9df11f699' and d.module = 'TEST_PhoneNumbers' and d.deleted = 0 where d.id is null and u.user_id = '1' and u.deleted = 0 and (u.noninheritable is null or u.noninheritable <> 1)
Mon Mar 31 00:19:25 2025 [11570][1][INFO] Query:INSERT INTO securitygroups_records(id,securitygroup_id,record_id,module,date_modified,deleted) SELECT DISTINCT  uuid() ,u.securitygroup_id,'8c621288-1a2f-cf62-1ec1-67e9df11f699','TEST_PhoneNumbers',CURDATE(),0 from securitygroups_users u inner join securitygroups g on u.securitygroup_id = g.id and g.deleted = 0 and (g.noninheritable is null or g.noninheritable <> 1) left join securitygroups_records d on d.securitygroup_id = u.securitygroup_id and d.record_id = '8c621288-1a2f-cf62-1ec1-67e9df11f699' and d.module = 'TEST_PhoneNumbers' and d.deleted = 0 where d.id is null and u.user_id = '1' and u.deleted = 0 and (u.noninheritable is null or u.noninheritable <> 1)
Mon Mar 31 00:19:25 2025 [11570][1][INFO] Query Execution Time:0.0022478103637695
Mon Mar 31 00:19:25 2025 [11570][1][DEBUG] Hook called: TEST_PhoneNumbers::after_save
Mon Mar 31 00:19:25 2025 [11570][1][DEBUG] Creating new instance of hook class AOD_LogicHooks without parameters
Mon Mar 31 00:19:26 2025 [11570][1][DEBUG] SuiteCRM\ModuleInstall\ExtensionManager::compileExtensionFiles() : Merging module files in custom/Extension/modules/<module>/Language to custom/modules/<module>/Language/en_us.lang.ext.php
Mon Mar 31 00:19:26 2025 [11570][1][DEBUG] Merging application files for en_us.lang.ext.php in Language
Mon Mar 31 00:19:26 2025 [11570][1][DEBUG] rebuilding cache for AOD_Index
Mon Mar 31 00:19:26 2025 [11570][1][INFO] Query:SELECT * FROM fields_meta_data WHERE  custom_module='AOD_Index' AND  deleted = 0
Mon Mar 31 00:19:26 2025 [11570][1][INFO] Query Execution Time:0.00042986869812012
Mon Mar 31 00:19:27 2025 [11570][1][DEBUG] Hook called: AOD_Index::before_retrieve
Mon Mar 31 00:19:27 2025 [11570][1][DEBUG] Retrieve AOD_Index : SELECT aod_index.* FROM aod_index  WHERE aod_index.id = '1' AND aod_index.deleted=0
Mon Mar 31 00:19:27 2025 [11570][1][DEBUG] Limit Query:SELECT aod_index.* FROM aod_index  WHERE aod_index.id = '1' AND aod_index.deleted=0 Start: 0 count: 1
Mon Mar 31 00:19:27 2025 [11570][1][INFO] Query:SELECT aod_index.* FROM aod_index  WHERE aod_index.id = '1' AND aod_index.deleted=0 LIMIT 0,1
Mon Mar 31 00:19:27 2025 [11570][1][INFO] Query Execution Time:0.00071191787719727
Mon Mar 31 00:19:27 2025 [11570][1][DEBUG] SugarBean[AOD_Index].load_relationships, Loading relationship (assigned_user_id).
Mon Mar 31 00:19:27 2025 [11570][1][DEBUG] SugarBean.load_relationships, failed Loading relationship (assigned_user_id)
Mon Mar 31 00:19:27 2025 [11570][1][DEBUG] SugarBean[AOD_Index].load_relationships, Loading relationship (assigned_user_id).
Mon Mar 31 00:19:27 2025 [11570][1][DEBUG] SugarBean.load_relationships, failed Loading relationship (assigned_user_id)
Mon Mar 31 00:19:27 2025 [11570][1][DEBUG] Hook called: AOD_Index::after_retrieve
Mon Mar 31 00:19:27 2025 [11570][1][DEPRECATED] AOD Lucene search is deprecated since v7.12.0
Mon Mar 31 00:19:27 2025 [11570][1][DEBUG] rebuilding cache for TEST_PhoneNumbers
Mon Mar 31 00:19:27 2025 [11570][1][INFO] Query:SELECT * FROM fields_meta_data WHERE  custom_module='TEST_PhoneNumbers' AND  deleted = 0
Mon Mar 31 00:19:27 2025 [11570][1][INFO] Query Execution Time:0.00037813186645508
Mon Mar 31 00:19:27 2025 [11570][1][DEBUG] Hook called: TEST_PhoneNumbers::before_retrieve
Mon Mar 31 00:19:27 2025 [11570][1][DEBUG] Retrieve TEST_PhoneNumbers : SELECT test_phonenumbers.* FROM test_phonenumbers  WHERE test_phonenumbers.id = '8c621288-1a2f-cf62-1ec1-67e9df11f699' AND test_phonenumbers.deleted=0
Mon Mar 31 00:19:27 2025 [11570][1][DEBUG] Limit Query:SELECT test_phonenumbers.* FROM test_phonenumbers  WHERE test_phonenumbers.id = '8c621288-1a2f-cf62-1ec1-67e9df11f699' AND test_phonenumbers.deleted=0 Start: 0 count: 1
Mon Mar 31 00:19:27 2025 [11570][1][INFO] Query:SELECT test_phonenumbers.* FROM test_phonenumbers  WHERE test_phonenumbers.id = '8c621288-1a2f-cf62-1ec1-67e9df11f699' AND test_phonenumbers.deleted=0 LIMIT 0,1
Mon Mar 31 00:19:27 2025 [11570][1][INFO] Query Execution Time:0.00036406517028809
Mon Mar 31 00:19:27 2025 [11570][1][DEBUG] SugarBean[TEST_PhoneNumbers].load_relationships, Loading relationship (assigned_user_id).
Mon Mar 31 00:19:27 2025 [11570][1][DEBUG] SugarBean.load_relationships, failed Loading relationship (assigned_user_id)
Mon Mar 31 00:19:27 2025 [11570][1][DEBUG] SugarBean[TEST_PhoneNumbers].load_relationships, Loading relationship (assigned_user_id).
Mon Mar 31 00:19:27 2025 [11570][1][DEBUG] SugarBean.load_relationships, failed Loading relationship (assigned_user_id)
Mon Mar 31 00:19:27 2025 [11570][1][DEBUG] Hook called: TEST_PhoneNumbers::after_retrieve
Mon Mar 31 00:19:27 2025 [11570][1][DEBUG] SuiteCRM\ModuleInstall\ExtensionManager::compileExtensionFiles() : Merging module files in custom/Extension/modules/<module>/Language to custom/modules/<module>/Language/en_us.lang.ext.php
Mon Mar 31 00:19:27 2025 [11570][1][DEBUG] Merging application files for en_us.lang.ext.php in Language
Mon Mar 31 00:19:27 2025 [11570][1][DEBUG] rebuilding cache for AOD_IndexEvent
Mon Mar 31 00:19:27 2025 [11570][1][INFO] Query:SELECT * FROM fields_meta_data WHERE  custom_module='AOD_IndexEvent' AND  deleted = 0
Mon Mar 31 00:19:27 2025 [11570][1][INFO] Query Execution Time:0.00040006637573242
Mon Mar 31 00:19:27 2025 [11570][1][DEBUG] get_full_list:  order_by = '' and where = 'aod_indexevent.record_id = '8c621288-1a2f-cf62-1ec1-67e9df11f699' AND aod_indexevent.record_module = 'TEST_PhoneNumbers''
Mon Mar 31 00:19:27 2025 [11570][1][DEBUG] Hook called: AOD_IndexEvent::before_acl_query
Mon Mar 31 00:19:27 2025 [11570][1][DEBUG] SugarBean[AOD_IndexEvent].load_relationships, Loading relationship (modified_user_link).
Mon Mar 31 00:19:27 2025 [11570][1][DEBUG] SugarBean[AOD_IndexEvent].load_relationships, Loading relationship (created_by_link).
Mon Mar 31 00:19:27 2025 [11570][1][DEBUG] SugarBean[AOD_IndexEvent].load_relationships, Loading relationship (assigned_user_link).
Mon Mar 31 00:19:27 2025 [11570][1][DEBUG] process_full_list_query: query is  SELECT  aod_indexevent.*  , jt0.user_name modified_by_name , jt0.created_by modified_by_name_owner  , 'Users' modified_by_name_mod , jt1.user_name created_by_name , jt1.created_by created_by_name_owner  , 'Users' created_by_name_mod , jt2.user_name assigned_user_name , jt2.created_by assigned_user_name_owner  , 'Users' assigned_user_name_mod FROM aod_indexevent   LEFT JOIN  users jt0 ON aod_indexevent.modified_user_id=jt0.id AND jt0.deleted=0

 AND jt0.deleted=0  LEFT JOIN  users jt1 ON aod_indexevent.created_by=jt1.id AND jt1.deleted=0

 AND jt1.deleted=0  LEFT JOIN  users jt2 ON aod_indexevent.assigned_user_id=jt2.id AND jt2.deleted=0

 AND jt2.deleted=0 where (aod_indexevent.record_id = '8c621288-1a2f-cf62-1ec1-67e9df11f699' AND aod_indexevent.record_module = 'TEST_PhoneNumbers') AND aod_indexevent.deleted=0
Mon Mar 31 00:19:27 2025 [11570][1][INFO] Query: SELECT  aod_indexevent.*  , jt0.user_name modified_by_name , jt0.created_by modified_by_name_owner  , 'Users' modified_by_name_mod , jt1.user_name created_by_name , jt1.created_by created_by_name_owner  , 'Users' created_by_name_mod , jt2.user_name assigned_user_name , jt2.created_by assigned_user_name_owner  , 'Users' assigned_user_name_mod FROM aod_indexevent   LEFT JOIN  users jt0 ON aod_indexevent.modified_user_id=jt0.id AND jt0.deleted=0

 AND jt0.deleted=0  LEFT JOIN  users jt1 ON aod_indexevent.created_by=jt1.id AND jt1.deleted=0

 AND jt1.deleted=0  LEFT JOIN  users jt2 ON aod_indexevent.assigned_user_id=jt2.id AND jt2.deleted=0

 AND jt2.deleted=0 where (aod_indexevent.record_id = '8c621288-1a2f-cf62-1ec1-67e9df11f699' AND aod_indexevent.record_module = 'TEST_PhoneNumbers') AND aod_indexevent.deleted=0
Mon Mar 31 00:19:27 2025 [11570][1][INFO] Query Execution Time:0.0013799667358398
Mon Mar 31 00:19:27 2025 [11570][1][DEBUG] process_full_list_query: result is mysqli_result Object
(
    [current_field] => 0
    [field_count] => 22
    [lengths] => 
    [num_rows] => 0
    [type] => 0
)

Mon Mar 31 00:19:29 2025 [11570][1][DEBUG] Hook called: AOD_IndexEvent::before_save
Mon Mar 31 00:19:29 2025 [11570][1][INFO] Query:INSERT INTO aod_indexevent (id,name,date_entered,date_modified,modified_user_id,created_by,deleted,success,record_id,record_module)
					VALUES ('2bbf580e-bb7b-388a-e36f-67e9df39a652','*234567890','2025-03-31 00:19:27','2025-03-31 00:19:27','1','1',0,1,'8c621288-1a2f-cf62-1ec1-67e9df11f699','TEST_PhoneNumbers')
Mon Mar 31 00:19:29 2025 [11570][1][INFO] Query Execution Time:0.09463095664978
Mon Mar 31 00:19:29 2025 [11570][1][DEBUG] SecuritySuite: Get SecuritySuite Enabled Modules: SELECT lhs_module, rhs_module FROM relationships WHERE deleted=0 AND (lhs_module = 'SecurityGroups' OR rhs_module='SecurityGroups')
Mon Mar 31 00:19:29 2025 [11570][1][INFO] Query:SELECT lhs_module, rhs_module FROM relationships WHERE deleted=0 AND (lhs_module = 'SecurityGroups' OR rhs_module='SecurityGroups')
Mon Mar 31 00:19:29 2025 [11570][1][INFO] Query Execution Time:0.00059390068054199
Mon Mar 31 00:19:29 2025 [11570][1][DEBUG] SecuritySuite: Get SecuritySuite Enabled Modules: SELECT lhs_module, rhs_module FROM relationships WHERE deleted=0 AND (lhs_module = 'SecurityGroups' OR rhs_module='SecurityGroups')
Mon Mar 31 00:19:29 2025 [11570][1][INFO] Query:SELECT lhs_module, rhs_module FROM relationships WHERE deleted=0 AND (lhs_module = 'SecurityGroups' OR rhs_module='SecurityGroups')
Mon Mar 31 00:19:29 2025 [11570][1][INFO] Query Execution Time:0.00074505805969238
Mon Mar 31 00:19:29 2025 [11570][1][DEBUG] SecuritySuite: Get SecuritySuite Enabled Modules: SELECT lhs_module, rhs_module FROM relationships WHERE deleted=0 AND (lhs_module = 'SecurityGroups' OR rhs_module='SecurityGroups')
Mon Mar 31 00:19:29 2025 [11570][1][INFO] Query:SELECT lhs_module, rhs_module FROM relationships WHERE deleted=0 AND (lhs_module = 'SecurityGroups' OR rhs_module='SecurityGroups')
Mon Mar 31 00:19:29 2025 [11570][1][INFO] Query Execution Time:0.00052404403686523
Mon Mar 31 00:19:29 2025 [11570][1][DEBUG] Hook called: AOD_IndexEvent::after_save
Mon Mar 31 00:19:29 2025 [11570][1][DEBUG] Creating new instance of hook class AOD_LogicHooks without parameters
Mon Mar 31 00:19:29 2025 [11570][1][DEPRECATED] AOD Lucene search is deprecated since v7.12.0
Mon Mar 31 00:19:29 2025 [11570][1][DEBUG] Creating new instance of hook class SuiteCRM\Search\ElasticSearch\ElasticSearchHooks without parameters
Mon Mar 31 00:19:29 2025 [11570][1][DEBUG] Creating new instance of hook class AssignGroups without parameters
Mon Mar 31 00:19:29 2025 [11570][1][DEBUG] Creating new instance of hook class AOW_WorkFlow without parameters
Mon Mar 31 00:19:29 2025 [11570][1][DEBUG] SuiteCRM\ModuleInstall\ExtensionManager::compileExtensionFiles() : Merging module files in custom/Extension/modules/<module>/Language to custom/modules/<module>/Language/en_us.lang.ext.php
Mon Mar 31 00:19:30 2025 [11570][1][DEBUG] Merging application files for en_us.lang.ext.php in Language
Mon Mar 31 00:19:30 2025 [11570][1][DEBUG] rebuilding cache for AOW_WorkFlow
Mon Mar 31 00:19:30 2025 [11570][1][INFO] Query:SELECT * FROM fields_meta_data WHERE  custom_module='AOW_WorkFlow' AND  deleted = 0
Mon Mar 31 00:19:30 2025 [11570][1][INFO] Query Execution Time:0.00039100646972656
Mon Mar 31 00:19:30 2025 [11570][1][INFO] Query:SELECT id FROM aow_workflow WHERE aow_workflow.flow_module = 'AOD_IndexEvent' AND aow_workflow.status = 'Active' AND (aow_workflow.run_when = 'Always' OR aow_workflow.run_when = 'On_Save' OR aow_workflow.run_when = 'Create') AND aow_workflow.deleted = 0 
Mon Mar 31 00:19:30 2025 [11570][1][INFO] Query Execution Time:0.00066804885864258
Mon Mar 31 00:19:30 2025 [11570][1][DEBUG] Creating new instance of hook class SuiteCRM\Search\ElasticSearch\ElasticSearchHooks without parameters
Mon Mar 31 00:19:30 2025 [11570][1][DEBUG] Creating new instance of hook class AssignGroups without parameters
Mon Mar 31 00:19:30 2025 [11570][1][DEBUG] Creating new instance of hook class AOW_WorkFlow without parameters
Mon Mar 31 00:19:30 2025 [11570][1][INFO] Query:SELECT id FROM aow_workflow WHERE aow_workflow.flow_module = 'TEST_PhoneNumbers' AND aow_workflow.status = 'Active' AND (aow_workflow.run_when = 'Always' OR aow_workflow.run_when = 'On_Save' OR aow_workflow.run_when = 'Create') AND aow_workflow.deleted = 0 
Mon Mar 31 00:19:30 2025 [11570][1][INFO] Query Execution Time:0.0003509521484375
Mon Mar 31 00:19:30 2025 [11570][1][DEBUG] Performing post_action
Mon Mar 31 00:19:30 2025 [11570][1][DEBUG] Hook called: ::server_round_trip
Mon Mar 31 00:19:30 2025 [11570][1][DEBUG] Calling MySQLi::disconnect()
Mon Mar 31 00:19:32 2025 [11166][-none-][DEBUG] current_language is: en_us
Mon Mar 31 00:19:32 2025 [11166][-none-][DEBUG] Found cache backend SugarCacheAPC
Mon Mar 31 00:19:32 2025 [11166][-none-][DEBUG] Found cache backend SugarCacheFile
Mon Mar 31 00:19:32 2025 [11166][-none-][DEBUG] Found cache backend SugarCacheMemcache
Mon Mar 31 00:19:32 2025 [11166][-none-][DEBUG] Found cache backend SugarCacheMemcached
Mon Mar 31 00:19:32 2025 [11166][-none-][DEBUG] Found cache backend SugarCacheMemory
Mon Mar 31 00:19:32 2025 [11166][-none-][DEBUG] Using cache backend SugarCacheMemory, since 999 is less than 1000
Mon Mar 31 00:19:32 2025 [11166][-none-][DEBUG] Found cache backend SugarCacheRedis
Mon Mar 31 00:19:32 2025 [11166][-none-][DEBUG] Found cache backend SugarCachesMash
Mon Mar 31 00:19:32 2025 [11166][-none-][DEBUG] Found cache backend SugarCacheWincache
Mon Mar 31 00:19:32 2025 [11166][-none-][DEBUG] Found cache backend SugarCacheZend
Mon Mar 31 00:19:32 2025 [11166][-none-][INFO] Found language file: en_us.lang.php
Mon Mar 31 00:19:32 2025 [11166][-none-][INFO] Found extended language file: en_us.lang.ext.php
Mon Mar 31 00:19:32 2025 [11166][-none-][WARN] Configuration variable date.timezone is not set, guessed timezone UTC. Please set date.timezone="UTC" in php.ini!
Mon Mar 31 00:19:32 2025 [11166][-none-][INFO] Query:SELECT id, name, symbol, conversion_rate FROM currencies WHERE status = 'Active' and deleted = 0
Mon Mar 31 00:19:32 2025 [11166][-none-][INFO] Query Execution Time:0.00029587745666504
Mon Mar 31 00:19:32 2025 [11166][-none-][DEBUG] rebuilding cache for Users
Mon Mar 31 00:19:32 2025 [11166][-none-][INFO] Query:SELECT * FROM fields_meta_data WHERE  custom_module='Users' AND  deleted = 0
Mon Mar 31 00:19:32 2025 [11166][-none-][INFO] Query Execution Time:0.00038599967956543
Mon Mar 31 00:19:33 2025 [11166][-none-][DEBUG] rebuilding cache for Employees
Mon Mar 31 00:19:33 2025 [11166][-none-][INFO] Query:SELECT * FROM fields_meta_data WHERE  custom_module='Employees' AND  deleted = 0
Mon Mar 31 00:19:33 2025 [11166][-none-][INFO] Query Execution Time:0.0004420280456543
Mon Mar 31 00:19:33 2025 [11166][-none-][DEBUG] rebuilding cache for EmailAddresses
Mon Mar 31 00:19:33 2025 [11166][-none-][INFO] Query:SELECT * FROM fields_meta_data WHERE  custom_module='EmailAddresses' AND  deleted = 0
Mon Mar 31 00:19:33 2025 [11166][-none-][INFO] Query Execution Time:0.0003969669342041
Mon Mar 31 00:19:33 2025 [11166][-none-][DEBUG] rebuilding cache for UserPreferences
Mon Mar 31 00:19:33 2025 [11166][-none-][INFO] Query:SELECT * FROM fields_meta_data WHERE  custom_module='UserPreferences' AND  deleted = 0
Mon Mar 31 00:19:33 2025 [11166][-none-][INFO] Query Execution Time:0.00046706199645996
Mon Mar 31 00:19:33 2025 [11166][-none-][DEBUG] rebuilding cache for Administration
Mon Mar 31 00:19:33 2025 [11166][-none-][INFO] Query:SELECT * FROM fields_meta_data WHERE  custom_module='Administration' AND  deleted = 0
Mon Mar 31 00:19:33 2025 [11166][-none-][INFO] Query Execution Time:0.00039410591125488
Mon Mar 31 00:19:33 2025 [11166][-none-][INFO] Query:SELECT category, name, value FROM config
Mon Mar 31 00:19:33 2025 [11166][-none-][INFO] Query Execution Time:0.00032401084899902
Mon Mar 31 00:19:33 2025 [11166][-none-][INFO] Query:SELECT id FROM outbound_email WHERE type = 'system' AND deleted = 0
Mon Mar 31 00:19:33 2025 [11166][-none-][INFO] Query Execution Time:0.00020480155944824
Mon Mar 31 00:19:33 2025 [11166][-none-][INFO] Query:SELECT * FROM outbound_email WHERE id = '9f511e14-b421-834c-19d7-67e81d8d1ac8'
Mon Mar 31 00:19:33 2025 [11166][-none-][INFO] Query Execution Time:0.00041294097900391
Mon Mar 31 00:19:33 2025 [11166][-none-][DEBUG] Hook called: ::after_entry_point
Mon Mar 31 00:19:33 2025 [11166][-none-][DEBUG] Including module specific hook file for custom/modules
Mon Mar 31 00:19:33 2025 [11166][-none-][DEBUG] Including Ext hook file for custom/application
Mon Mar 31 00:19:33 2025 [11166][-none-][DEBUG] Hook called: ::after_session_start
Mon Mar 31 00:19:33 2025 [11166][-none-][DEBUG] Unable to find SugarController:: DetailView
Mon Mar 31 00:19:33 2025 [11166][-none-][DEBUG] We have an authenticated user id: 1
Mon Mar 31 00:19:33 2025 [11166][-none-][DEBUG] Hook called: Users::before_retrieve
Mon Mar 31 00:19:33 2025 [11166][-none-][DEBUG] Including module specific hook file for custom/modules/Users
Mon Mar 31 00:19:33 2025 [11166][-none-][DEBUG] Retrieve User : SELECT users.* FROM users  WHERE users.id = '1' AND users.deleted=0
Mon Mar 31 00:19:33 2025 [11166][-none-][DEBUG] Limit Query:SELECT users.* FROM users  WHERE users.id = '1' AND users.deleted=0 Start: 0 count: 1
Mon Mar 31 00:19:33 2025 [11166][-none-][INFO] Query:SELECT users.* FROM users  WHERE users.id = '1' AND users.deleted=0 LIMIT 0,1
Mon Mar 31 00:19:33 2025 [11166][-none-][INFO] Query Execution Time:0.00044608116149902
Mon Mar 31 00:19:33 2025 [11166][1][DEBUG] get_user_array query: SELECT id, first_name, last_name, user_name FROM users WHERE 1=1 ORDER BY first_name, last_name ASC
Mon Mar 31 00:19:33 2025 [11166][1][INFO] Query:SELECT id, first_name, last_name, user_name FROM users WHERE 1=1 ORDER BY first_name, last_name ASC
Mon Mar 31 00:19:33 2025 [11166][1][INFO] Query Execution Time:0.00032210350036621
Mon Mar 31 00:19:33 2025 [11166][1][INFO] Query:SELECT u1.first_name, u1.last_name from users  u1, users  u2 where u1.id = u2.reports_to_id AND u2.id = '1' and u1.deleted=0
Mon Mar 31 00:19:33 2025 [11166][1][INFO] Query Execution Time:0.00033807754516602
Mon Mar 31 00:19:33 2025 [11166][1][DEBUG] SugarBean[User].load_relationships, Loading relationship (reports_to_link).
Mon Mar 31 00:19:33 2025 [11166][1][INFO] Query:SELECT 
                    ea.email_address,
                    ea.email_address_caps,
                    ea.invalid_email,
                    ea.opt_out,
                    ea.confirm_opt_in,
                    ea.date_created,
                    ea.date_modified,
                    ear.id,
                    ear.email_address_id,
                    ear.bean_id,
                    ear.bean_module,
                    ear.primary_address,
                    ear.reply_to_address,
                    ear.deleted
                FROM email_addresses ea LEFT JOIN email_addr_bean_rel ear ON ea.id = ear.email_address_id
                WHERE 
                    ear.bean_module = 'Users'
                    AND ear.bean_id = '1'
                    AND ear.deleted = 0
                ORDER BY ear.reply_to_address, ear.primary_address DESC
Mon Mar 31 00:19:33 2025 [11166][1][INFO] Query Execution Time:0.00042295455932617
Mon Mar 31 00:19:33 2025 [11166][1][DEBUG] Hook called: Users::after_retrieve
Mon Mar 31 00:19:33 2025 [11166][1][DEBUG] FACTOR AUTH: -------------------------------------------------------------
Mon Mar 31 00:19:33 2025 [11166][1][DEBUG] FACTOR AUTH: --------------------- CHECK FACTOR AUtH ---------------------
Mon Mar 31 00:19:33 2025 [11166][1][DEBUG] FACTOR AUTH: -------------------------------------------------------------
Mon Mar 31 00:19:33 2025 [11166][1][DEBUG] FACTOR AUTH: User needs factor auth, request is not Logout
Mon Mar 31 00:19:33 2025 [11166][1][DEBUG] FACTOR AUTH: User does`nt need factor auth
Mon Mar 31 00:19:33 2025 [11166][1][DEBUG] Current user is: admin
Mon Mar 31 00:19:33 2025 [11166][1][DEBUG] Current user is: admin
Mon Mar 31 00:19:33 2025 [11166][1][DEBUG] setting cookie ck_login_id_20 to 1
Mon Mar 31 00:19:33 2025 [11166][1][DEBUG] setting cookie ck_login_language_20 to en_us
Mon Mar 31 00:19:33 2025 [11166][1][DEBUG] current_language is: en_us
Mon Mar 31 00:19:33 2025 [11166][1][INFO] Found language file: en_us.lang.php
Mon Mar 31 00:19:33 2025 [11166][1][INFO] Found extended language file: en_us.lang.ext.php
Mon Mar 31 00:19:35 2025 [11166][1][DEBUG] SuiteCRM\ModuleInstall\ExtensionManager::compileExtensionFiles() : Merging module files in custom/Extension/modules/<module>/Language to custom/modules/<module>/Language/en_us.lang.ext.php
Mon Mar 31 00:19:35 2025 [11166][1][DEBUG] Merging application files for en_us.lang.ext.php in Language
Mon Mar 31 00:19:35 2025 [11166][1][DEBUG] rebuilding cache for TEST_PhoneNumbers
Mon Mar 31 00:19:35 2025 [11166][1][INFO] Query:SELECT * FROM fields_meta_data WHERE  custom_module='TEST_PhoneNumbers' AND  deleted = 0
Mon Mar 31 00:19:35 2025 [11166][1][INFO] Query Execution Time:0.00049114227294922
Mon Mar 31 00:19:35 2025 [11166][1][DEBUG] Hook called: TEST_PhoneNumbers::before_retrieve
Mon Mar 31 00:19:35 2025 [11166][1][DEBUG] Retrieve TEST_PhoneNumbers : SELECT test_phonenumbers.* FROM test_phonenumbers  WHERE test_phonenumbers.id = '8c621288-1a2f-cf62-1ec1-67e9df11f699' AND test_phonenumbers.deleted=0
Mon Mar 31 00:19:35 2025 [11166][1][DEBUG] Limit Query:SELECT test_phonenumbers.* FROM test_phonenumbers  WHERE test_phonenumbers.id = '8c621288-1a2f-cf62-1ec1-67e9df11f699' AND test_phonenumbers.deleted=0 Start: 0 count: 1
Mon Mar 31 00:19:35 2025 [11166][1][INFO] Query:SELECT test_phonenumbers.* FROM test_phonenumbers  WHERE test_phonenumbers.id = '8c621288-1a2f-cf62-1ec1-67e9df11f699' AND test_phonenumbers.deleted=0 LIMIT 0,1
Mon Mar 31 00:19:35 2025 [11166][1][INFO] Query Execution Time:0.00035786628723145
Mon Mar 31 00:19:35 2025 [11166][1][DEBUG] SugarBean[TEST_PhoneNumbers].load_relationships, Loading relationship (assigned_user_id).
Mon Mar 31 00:19:35 2025 [11166][1][DEBUG] SugarBean.load_relationships, failed Loading relationship (assigned_user_id)
Mon Mar 31 00:19:35 2025 [11166][1][DEBUG] SugarBean[TEST_PhoneNumbers].load_relationships, Loading relationship (assigned_user_id).
Mon Mar 31 00:19:35 2025 [11166][1][DEBUG] SugarBean.load_relationships, failed Loading relationship (assigned_user_id)
Mon Mar 31 00:19:35 2025 [11166][1][DEBUG] Hook called: TEST_PhoneNumbers::after_retrieve
Mon Mar 31 00:19:35 2025 [11166][1][DEBUG] Using Action View Map:detail
Mon Mar 31 00:19:36 2025 [11166][1][DEPRECATED] Array
(
)

Mon Mar 31 00:19:36 2025 [11166][1][INFO] Query:INSERT INTO tracker (monitor_id,user_id,module_name,item_id,item_summary,date_modified,action,session_id,visible ) VALUES ( '24c38583-743e-b793-6d32-67e9dfa2ba66','1','TEST_PhoneNumbers','8c621288-1a2f-cf62-1ec1-67e9df11f699','*234567890','2025-03-31 00:19:32','detailview','2c9bac6fde3c59e23c83b2a76a772233','1')
Mon Mar 31 00:19:36 2025 [11166][1][INFO] Query Execution Time:0.27911901473999
Mon Mar 31 00:19:36 2025 [11166][1][WARN] CSS File Dawn/yui.css not found
Mon Mar 31 00:19:36 2025 [11166][1][DEBUG] SuiteCRM\ModuleInstall\ExtensionManager::compileExtensionFiles() : Merging module files in custom/Extension/modules/<module>/Language to custom/modules/<module>/Language/en_us.lang.ext.php
Mon Mar 31 00:19:37 2025 [11166][1][DEBUG] Merging application files for en_us.lang.ext.php in Language
Mon Mar 31 00:19:37 2025 [11166][1][DEBUG] rebuilding cache for Favorites
Mon Mar 31 00:19:37 2025 [11166][1][INFO] Query:SELECT * FROM fields_meta_data WHERE  custom_module='Favorites' AND  deleted = 0
Mon Mar 31 00:19:37 2025 [11166][1][INFO] Query Execution Time:0.00040507316589355
Mon Mar 31 00:19:37 2025 [11166][1][INFO] Query:SELECT parent_id, parent_type FROM favorites WHERE assigned_user_id = '1' AND deleted = 0 ORDER BY date_entered DESC
Mon Mar 31 00:19:37 2025 [11166][1][INFO] Query Execution Time:0.0003669261932373
Mon Mar 31 00:19:37 2025 [11166][1][DEBUG] rebuilding cache for Trackers
Mon Mar 31 00:19:37 2025 [11166][1][INFO] Query:SELECT * FROM fields_meta_data WHERE  custom_module='Trackers' AND  deleted = 0
Mon Mar 31 00:19:37 2025 [11166][1][INFO] Query Execution Time:0.00036501884460449
Mon Mar 31 00:19:37 2025 [11166][1][DEBUG] Limit Query:SELECT item_id, item_summary, module_name, id FROM tracker WHERE id = (SELECT MAX(id) as id FROM tracker WHERE user_id = '1' AND deleted = 0 AND visible = 1) Start: 0 count: 50
Mon Mar 31 00:19:37 2025 [11166][1][INFO] Query:SELECT item_id, item_summary, module_name, id FROM tracker WHERE id = (SELECT MAX(id) as id FROM tracker WHERE user_id = '1' AND deleted = 0 AND visible = 1) LIMIT 0,50
Mon Mar 31 00:19:37 2025 [11166][1][INFO] Query Execution Time:0.00055599212646484
Mon Mar 31 00:19:37 2025 [11166][1][INFO] Tracker: retrieving 4 items
Mon Mar 31 00:19:38 2025 [11166][1][DEBUG] SuiteCRM\ModuleInstall\ExtensionManager::compileExtensionFiles() : Merging module files in custom/Extension/modules/<module>/Language to custom/modules/<module>/Language/en_us.lang.ext.php
Mon Mar 31 00:19:38 2025 [11166][1][DEBUG] Merging application files for en_us.lang.ext.php in Language
Mon Mar 31 00:19:38 2025 [11166][1][DEBUG] rebuilding cache for Emails
Mon Mar 31 00:19:38 2025 [11166][1][INFO] Query:SELECT * FROM fields_meta_data WHERE  custom_module='Emails' AND  deleted = 0
Mon Mar 31 00:19:38 2025 [11166][1][INFO] Query Execution Time:0.00040292739868164
Mon Mar 31 00:19:39 2025 [11166][1][DEBUG] Hook called: TEST_PhoneNumbers::before_retrieve
Mon Mar 31 00:19:39 2025 [11166][1][DEBUG] Retrieve TEST_PhoneNumbers : SELECT test_phonenumbers.* FROM test_phonenumbers  WHERE test_phonenumbers.id = '8c621288-1a2f-cf62-1ec1-67e9df11f699' AND test_phonenumbers.deleted=0
Mon Mar 31 00:19:39 2025 [11166][1][DEBUG] Limit Query:SELECT test_phonenumbers.* FROM test_phonenumbers  WHERE test_phonenumbers.id = '8c621288-1a2f-cf62-1ec1-67e9df11f699' AND test_phonenumbers.deleted=0 Start: 0 count: 1
Mon Mar 31 00:19:39 2025 [11166][1][INFO] Query:SELECT test_phonenumbers.* FROM test_phonenumbers  WHERE test_phonenumbers.id = '8c621288-1a2f-cf62-1ec1-67e9df11f699' AND test_phonenumbers.deleted=0 LIMIT 0,1
Mon Mar 31 00:19:39 2025 [11166][1][INFO] Query Execution Time:0.00033211708068848
Mon Mar 31 00:19:39 2025 [11166][1][DEBUG] SugarBean[TEST_PhoneNumbers].load_relationships, Loading relationship (assigned_user_id).
Mon Mar 31 00:19:39 2025 [11166][1][DEBUG] SugarBean.load_relationships, failed Loading relationship (assigned_user_id)
Mon Mar 31 00:19:39 2025 [11166][1][DEBUG] SugarBean[TEST_PhoneNumbers].load_relationships, Loading relationship (assigned_user_id).
Mon Mar 31 00:19:39 2025 [11166][1][DEBUG] SugarBean.load_relationships, failed Loading relationship (assigned_user_id)
Mon Mar 31 00:19:39 2025 [11166][1][DEBUG] Hook called: TEST_PhoneNumbers::after_retrieve
Mon Mar 31 00:19:39 2025 [11166][1][DEBUG] Hook called: TEST_PhoneNumbers::before_retrieve
Mon Mar 31 00:19:39 2025 [11166][1][DEBUG] Retrieve TEST_PhoneNumbers : SELECT test_phonenumbers.* FROM test_phonenumbers  WHERE test_phonenumbers.id = '940a4212-b322-88a4-4287-67e99bcb014f' AND test_phonenumbers.deleted=0
Mon Mar 31 00:19:39 2025 [11166][1][DEBUG] Limit Query:SELECT test_phonenumbers.* FROM test_phonenumbers  WHERE test_phonenumbers.id = '940a4212-b322-88a4-4287-67e99bcb014f' AND test_phonenumbers.deleted=0 Start: 0 count: 1
Mon Mar 31 00:19:39 2025 [11166][1][INFO] Query:SELECT test_phonenumbers.* FROM test_phonenumbers  WHERE test_phonenumbers.id = '940a4212-b322-88a4-4287-67e99bcb014f' AND test_phonenumbers.deleted=0 LIMIT 0,1
Mon Mar 31 00:19:39 2025 [11166][1][INFO] Query Execution Time:0.00034999847412109
Mon Mar 31 00:19:39 2025 [11166][1][DEBUG] SugarBean[TEST_PhoneNumbers].load_relationships, Loading relationship (assigned_user_id).
Mon Mar 31 00:19:39 2025 [11166][1][DEBUG] SugarBean.load_relationships, failed Loading relationship (assigned_user_id)
Mon Mar 31 00:19:39 2025 [11166][1][DEBUG] SugarBean[TEST_PhoneNumbers].load_relationships, Loading relationship (assigned_user_id).
Mon Mar 31 00:19:39 2025 [11166][1][DEBUG] SugarBean.load_relationships, failed Loading relationship (assigned_user_id)
Mon Mar 31 00:19:39 2025 [11166][1][DEBUG] Hook called: TEST_PhoneNumbers::after_retrieve
Mon Mar 31 00:19:39 2025 [11166][1][DEBUG] Hook called: TEST_PhoneNumbers::before_retrieve
Mon Mar 31 00:19:39 2025 [11166][1][DEBUG] Retrieve TEST_PhoneNumbers : SELECT test_phonenumbers.* FROM test_phonenumbers  WHERE test_phonenumbers.id = 'ac95186a-26bd-5663-b402-67e836487e62' AND test_phonenumbers.deleted=0
Mon Mar 31 00:19:39 2025 [11166][1][DEBUG] Limit Query:SELECT test_phonenumbers.* FROM test_phonenumbers  WHERE test_phonenumbers.id = 'ac95186a-26bd-5663-b402-67e836487e62' AND test_phonenumbers.deleted=0 Start: 0 count: 1
Mon Mar 31 00:19:39 2025 [11166][1][INFO] Query:SELECT test_phonenumbers.* FROM test_phonenumbers  WHERE test_phonenumbers.id = 'ac95186a-26bd-5663-b402-67e836487e62' AND test_phonenumbers.deleted=0 LIMIT 0,1
Mon Mar 31 00:19:39 2025 [11166][1][INFO] Query Execution Time:0.00032687187194824
Mon Mar 31 00:19:39 2025 [11166][1][DEBUG] SugarBean[TEST_PhoneNumbers].load_relationships, Loading relationship (assigned_user_id).
Mon Mar 31 00:19:39 2025 [11166][1][DEBUG] SugarBean.load_relationships, failed Loading relationship (assigned_user_id)
Mon Mar 31 00:19:39 2025 [11166][1][DEBUG] SugarBean[TEST_PhoneNumbers].load_relationships, Loading relationship (assigned_user_id).
Mon Mar 31 00:19:39 2025 [11166][1][DEBUG] SugarBean.load_relationships, failed Loading relationship (assigned_user_id)
Mon Mar 31 00:19:39 2025 [11166][1][DEBUG] Hook called: TEST_PhoneNumbers::after_retrieve
Mon Mar 31 00:19:39 2025 [11166][1][DEBUG] Hook called: TEST_PhoneNumbers::before_retrieve
Mon Mar 31 00:19:39 2025 [11166][1][DEBUG] Retrieve TEST_PhoneNumbers : SELECT test_phonenumbers.* FROM test_phonenumbers  WHERE test_phonenumbers.id = '7c1a86eb-5a0c-332b-8085-67e8264fa4b5' AND test_phonenumbers.deleted=0
Mon Mar 31 00:19:39 2025 [11166][1][DEBUG] Limit Query:SELECT test_phonenumbers.* FROM test_phonenumbers  WHERE test_phonenumbers.id = '7c1a86eb-5a0c-332b-8085-67e8264fa4b5' AND test_phonenumbers.deleted=0 Start: 0 count: 1
Mon Mar 31 00:19:39 2025 [11166][1][INFO] Query:SELECT test_phonenumbers.* FROM test_phonenumbers  WHERE test_phonenumbers.id = '7c1a86eb-5a0c-332b-8085-67e8264fa4b5' AND test_phonenumbers.deleted=0 LIMIT 0,1
Mon Mar 31 00:19:39 2025 [11166][1][INFO] Query Execution Time:0.00030612945556641
Mon Mar 31 00:19:39 2025 [11166][1][DEBUG] metadatafile=modules/TEST_PhoneNumbers/metadata/detailviewdefs.php
Mon Mar 31 00:19:41 2025 [11166][1][DEBUG] Hook called: TEST_PhoneNumbers::after_ui_frame
Mon Mar 31 00:19:41 2025 [11166][1][DEBUG] Creating new instance of hook class hooks without parameters
Mon Mar 31 00:19:41 2025 [11166][1][DEBUG] Creating new instance of hook class AssignGroups without parameters
Mon Mar 31 00:19:42 2025 [11166][1][DEBUG] SuiteCRM\ModuleInstall\ExtensionManager::compileExtensionFiles() : Merging module files in custom/Extension/modules/<module>/Language to custom/modules/<module>/Language/en_us.lang.ext.php
Mon Mar 31 00:19:42 2025 [11166][1][DEBUG] Merging application files for en_us.lang.ext.php in Language
Mon Mar 31 00:19:42 2025 [11166][1][DEBUG] rebuilding cache for SecurityGroups
Mon Mar 31 00:19:42 2025 [11166][1][INFO] Query:SELECT * FROM fields_meta_data WHERE  custom_module='SecurityGroups' AND  deleted = 0
Mon Mar 31 00:19:42 2025 [11166][1][INFO] Query Execution Time:0.00041699409484863
Mon Mar 31 00:19:42 2025 [11166][1][DEBUG] SubPanelDefinitions->get_available_tabs(): securitygroups= not exempt  ACL OK
Mon Mar 31 00:19:42 2025 [11166][1][DEBUG] rebuilding cache for Relationships
Mon Mar 31 00:19:42 2025 [11166][1][INFO] Query:SELECT * FROM fields_meta_data WHERE  custom_module='Relationships' AND  deleted = 0
Mon Mar 31 00:19:42 2025 [11166][1][INFO] Query Execution Time:0.00042009353637695
Mon Mar 31 00:19:43 2025 [11166][1][INFO] Subpanel Where Clause: 
Mon Mar 31 00:19:44 2025 [11166][1][DEBUG] Hook called: ::after_ui_footer
Mon Mar 31 00:19:44 2025 [11166][1][DEBUG] Creating new instance of hook class AssignGroups without parameters
Mon Mar 31 00:19:44 2025 [11166][1][DEBUG] Hook called: ::server_round_trip
Mon Mar 31 00:19:44 2025 [11166][1][DEBUG] Calling MySQLi::disconnect()
Mon Mar 31 00:19:46 2025 [11570][-none-][DEBUG] current_language is: en_us
Mon Mar 31 00:19:46 2025 [11570][-none-][DEBUG] Found cache backend SugarCacheAPC
Mon Mar 31 00:19:46 2025 [11570][-none-][DEBUG] Found cache backend SugarCacheFile
Mon Mar 31 00:19:46 2025 [11570][-none-][DEBUG] Found cache backend SugarCacheMemcache
Mon Mar 31 00:19:46 2025 [11570][-none-][DEBUG] Found cache backend SugarCacheMemcached
Mon Mar 31 00:19:46 2025 [11570][-none-][DEBUG] Found cache backend SugarCacheMemory
Mon Mar 31 00:19:46 2025 [11570][-none-][DEBUG] Using cache backend SugarCacheMemory, since 999 is less than 1000
Mon Mar 31 00:19:46 2025 [11570][-none-][DEBUG] Found cache backend SugarCacheRedis
Mon Mar 31 00:19:46 2025 [11570][-none-][DEBUG] Found cache backend SugarCachesMash
Mon Mar 31 00:19:46 2025 [11570][-none-][DEBUG] Found cache backend SugarCacheWincache
Mon Mar 31 00:19:46 2025 [11570][-none-][DEBUG] Found cache backend SugarCacheZend
Mon Mar 31 00:19:46 2025 [11570][-none-][INFO] Found language file: en_us.lang.php
Mon Mar 31 00:19:46 2025 [11570][-none-][INFO] Found extended language file: en_us.lang.ext.php
Mon Mar 31 00:19:46 2025 [11570][-none-][WARN] Configuration variable date.timezone is not set, guessed timezone UTC. Please set date.timezone="UTC" in php.ini!
Mon Mar 31 00:19:46 2025 [11570][-none-][INFO] Query:SELECT id, name, symbol, conversion_rate FROM currencies WHERE status = 'Active' and deleted = 0
Mon Mar 31 00:19:46 2025 [11570][-none-][INFO] Query Execution Time:0.00036787986755371
Mon Mar 31 00:19:46 2025 [11570][-none-][DEBUG] rebuilding cache for Users
Mon Mar 31 00:19:46 2025 [11570][-none-][INFO] Query:SELECT * FROM fields_meta_data WHERE  custom_module='Users' AND  deleted = 0
Mon Mar 31 00:19:46 2025 [11570][-none-][INFO] Query Execution Time:0.00057101249694824
Mon Mar 31 00:19:47 2025 [11570][-none-][DEBUG] rebuilding cache for Employees
Mon Mar 31 00:19:47 2025 [11570][-none-][INFO] Query:SELECT * FROM fields_meta_data WHERE  custom_module='Employees' AND  deleted = 0
Mon Mar 31 00:19:47 2025 [11570][-none-][INFO] Query Execution Time:0.00046896934509277
Mon Mar 31 00:19:47 2025 [11570][-none-][DEBUG] rebuilding cache for EmailAddresses
Mon Mar 31 00:19:47 2025 [11570][-none-][INFO] Query:SELECT * FROM fields_meta_data WHERE  custom_module='EmailAddresses' AND  deleted = 0
Mon Mar 31 00:19:47 2025 [11570][-none-][INFO] Query Execution Time:0.00037693977355957
Mon Mar 31 00:19:47 2025 [11570][-none-][DEBUG] rebuilding cache for UserPreferences
Mon Mar 31 00:19:47 2025 [11570][-none-][INFO] Query:SELECT * FROM fields_meta_data WHERE  custom_module='UserPreferences' AND  deleted = 0
Mon Mar 31 00:19:47 2025 [11570][-none-][INFO] Query Execution Time:0.00049209594726562
Mon Mar 31 00:19:47 2025 [11570][-none-][DEBUG] rebuilding cache for Administration
Mon Mar 31 00:19:47 2025 [11570][-none-][INFO] Query:SELECT * FROM fields_meta_data WHERE  custom_module='Administration' AND  deleted = 0
Mon Mar 31 00:19:47 2025 [11570][-none-][INFO] Query Execution Time:0.00042891502380371
Mon Mar 31 00:19:47 2025 [11570][-none-][INFO] Query:SELECT category, name, value FROM config
Mon Mar 31 00:19:47 2025 [11570][-none-][INFO] Query Execution Time:0.00050592422485352
Mon Mar 31 00:19:47 2025 [11570][-none-][INFO] Query:SELECT id FROM outbound_email WHERE type = 'system' AND deleted = 0
Mon Mar 31 00:19:47 2025 [11570][-none-][INFO] Query Execution Time:0.00036883354187012
Mon Mar 31 00:19:47 2025 [11570][-none-][INFO] Query:SELECT * FROM outbound_email WHERE id = '9f511e14-b421-834c-19d7-67e81d8d1ac8'
Mon Mar 31 00:19:47 2025 [11570][-none-][INFO] Query Execution Time:0.00050520896911621
Mon Mar 31 00:19:47 2025 [11570][-none-][DEBUG] Hook called: ::after_entry_point
Mon Mar 31 00:19:47 2025 [11570][-none-][DEBUG] Including module specific hook file for custom/modules
Mon Mar 31 00:19:47 2025 [11570][-none-][DEBUG] Including Ext hook file for custom/application
Mon Mar 31 00:19:47 2025 [11570][-none-][DEBUG] Hook called: ::after_session_start
Mon Mar 31 00:19:47 2025 [11570][-none-][DEBUG] Unable to find SugarController:: check_favorite
Mon Mar 31 00:19:47 2025 [11570][-none-][DEBUG] We have an authenticated user id: 1
Mon Mar 31 00:19:47 2025 [11570][-none-][DEBUG] Hook called: Users::before_retrieve
Mon Mar 31 00:19:47 2025 [11570][-none-][DEBUG] Including module specific hook file for custom/modules/Users
Mon Mar 31 00:19:47 2025 [11570][-none-][DEBUG] Retrieve User : SELECT users.* FROM users  WHERE users.id = '1' AND users.deleted=0
Mon Mar 31 00:19:47 2025 [11570][-none-][DEBUG] Limit Query:SELECT users.* FROM users  WHERE users.id = '1' AND users.deleted=0 Start: 0 count: 1
Mon Mar 31 00:19:47 2025 [11570][-none-][INFO] Query:SELECT users.* FROM users  WHERE users.id = '1' AND users.deleted=0 LIMIT 0,1
Mon Mar 31 00:19:47 2025 [11570][-none-][INFO] Query Execution Time:0.00036120414733887
Mon Mar 31 00:19:47 2025 [11570][1][DEBUG] get_user_array query: SELECT id, first_name, last_name, user_name FROM users WHERE 1=1 ORDER BY first_name, last_name ASC
Mon Mar 31 00:19:47 2025 [11570][1][INFO] Query:SELECT id, first_name, last_name, user_name FROM users WHERE 1=1 ORDER BY first_name, last_name ASC
Mon Mar 31 00:19:47 2025 [11570][1][INFO] Query Execution Time:0.00029110908508301
Mon Mar 31 00:19:47 2025 [11570][1][INFO] Query:SELECT u1.first_name, u1.last_name from users  u1, users  u2 where u1.id = u2.reports_to_id AND u2.id = '1' and u1.deleted=0
Mon Mar 31 00:19:47 2025 [11570][1][INFO] Query Execution Time:0.00021004676818848
Mon Mar 31 00:19:47 2025 [11570][1][DEBUG] SugarBean[User].load_relationships, Loading relationship (reports_to_link).
Mon Mar 31 00:19:47 2025 [11570][1][INFO] Query:SELECT 
                    ea.email_address,
                    ea.email_address_caps,
                    ea.invalid_email,
                    ea.opt_out,
                    ea.confirm_opt_in,
                    ea.date_created,
                    ea.date_modified,
                    ear.id,
                    ear.email_address_id,
                    ear.bean_id,
                    ear.bean_module,
                    ear.primary_address,
                    ear.reply_to_address,
                    ear.deleted
                FROM email_addresses ea LEFT JOIN email_addr_bean_rel ear ON ea.id = ear.email_address_id
                WHERE 
                    ear.bean_module = 'Users'
                    AND ear.bean_id = '1'
                    AND ear.deleted = 0
                ORDER BY ear.reply_to_address, ear.primary_address DESC
Mon Mar 31 00:19:47 2025 [11570][1][INFO] Query Execution Time:0.0004279613494873
Mon Mar 31 00:19:47 2025 [11570][1][DEBUG] Hook called: Users::after_retrieve
Mon Mar 31 00:19:47 2025 [11570][1][DEBUG] FACTOR AUTH: -------------------------------------------------------------
Mon Mar 31 00:19:47 2025 [11570][1][DEBUG] FACTOR AUTH: --------------------- CHECK FACTOR AUtH ---------------------
Mon Mar 31 00:19:47 2025 [11570][1][DEBUG] FACTOR AUTH: -------------------------------------------------------------
Mon Mar 31 00:19:47 2025 [11570][1][DEBUG] FACTOR AUTH: User needs factor auth, request is not Logout
Mon Mar 31 00:19:47 2025 [11570][1][DEBUG] FACTOR AUTH: User does`nt need factor auth
Mon Mar 31 00:19:47 2025 [11570][1][DEBUG] Current user is: admin
Mon Mar 31 00:19:47 2025 [11570][1][DEBUG] Current user is: admin
Mon Mar 31 00:19:47 2025 [11570][1][DEBUG] setting cookie ck_login_id_20 to 1
Mon Mar 31 00:19:47 2025 [11570][1][DEBUG] setting cookie ck_login_language_20 to en_us
Mon Mar 31 00:19:47 2025 [11570][1][DEBUG] current_language is: en_us
Mon Mar 31 00:19:47 2025 [11570][1][INFO] Found language file: en_us.lang.php
Mon Mar 31 00:19:47 2025 [11570][1][INFO] Found extended language file: en_us.lang.ext.php
Mon Mar 31 00:19:48 2025 [11570][1][DEBUG] SuiteCRM\ModuleInstall\ExtensionManager::compileExtensionFiles() : Merging module files in custom/Extension/modules/<module>/Language to custom/modules/<module>/Language/en_us.lang.ext.php
Mon Mar 31 00:19:48 2025 [11570][1][DEBUG] Merging application files for en_us.lang.ext.php in Language
Mon Mar 31 00:19:48 2025 [11570][1][DEBUG] rebuilding cache for Favorites
Mon Mar 31 00:19:48 2025 [11570][1][INFO] Query:SELECT * FROM fields_meta_data WHERE  custom_module='Favorites' AND  deleted = 0
Mon Mar 31 00:19:48 2025 [11570][1][INFO] Query Execution Time:0.00039291381835938
Mon Mar 31 00:19:48 2025 [11570][1][DEBUG] Performing action: action_check_favorite MODULE: Favorites
Mon Mar 31 00:19:48 2025 [11570][1][INFO] Get One: |SELECT id FROM favorites WHERE parent_id= '8c621288-1a2f-cf62-1ec1-67e9df11f699' AND parent_type = 'TEST_PhoneNumbers' AND assigned_user_id = '1' AND deleted = 0 ORDER BY date_entered DESC|
Mon Mar 31 00:19:48 2025 [11570][1][DEBUG] Limit Query:SELECT id FROM favorites WHERE parent_id= '8c621288-1a2f-cf62-1ec1-67e9df11f699' AND parent_type = 'TEST_PhoneNumbers' AND assigned_user_id = '1' AND deleted = 0 ORDER BY date_entered DESC Start: 0 count: 1
Mon Mar 31 00:19:48 2025 [11570][1][INFO] Query:SELECT id FROM favorites WHERE parent_id= '8c621288-1a2f-cf62-1ec1-67e9df11f699' AND parent_type = 'TEST_PhoneNumbers' AND assigned_user_id = '1' AND deleted = 0 ORDER BY date_entered DESC LIMIT 0,1
Mon Mar 31 00:19:48 2025 [11570][1][INFO] Query Execution Time:0.00071096420288086
Mon Mar 31 00:19:48 2025 [11570][1][DEPRECATED] Array
(
)

Mon Mar 31 00:19:48 2025 [11570][1][DEBUG] Hook called: Favorites::after_ui_frame
Mon Mar 31 00:19:48 2025 [11570][1][DEBUG] Creating new instance of hook class hooks without parameters
Mon Mar 31 00:19:48 2025 [11570][1][DEBUG] Creating new instance of hook class AssignGroups without parameters
Mon Mar 31 00:19:48 2025 [11570][1][DEBUG] Hook called: ::after_ui_footer
Mon Mar 31 00:19:48 2025 [11570][1][DEBUG] Creating new instance of hook class AssignGroups without parameters
Mon Mar 31 00:19:48 2025 [11570][1][DEBUG] Hook called: ::server_round_trip
Mon Mar 31 00:19:48 2025 [11570][1][DEBUG] Calling MySQLi::disconnect()
Mon Mar 31 00:19:53 2025 [11166][-none-][DEBUG] current_language is: en_us
Mon Mar 31 00:19:53 2025 [11166][-none-][DEBUG] Found cache backend SugarCacheAPC
Mon Mar 31 00:19:53 2025 [11166][-none-][DEBUG] Found cache backend SugarCacheFile
Mon Mar 31 00:19:53 2025 [11166][-none-][DEBUG] Found cache backend SugarCacheMemcache
Mon Mar 31 00:19:53 2025 [11166][-none-][DEBUG] Found cache backend SugarCacheMemcached
Mon Mar 31 00:19:53 2025 [11166][-none-][DEBUG] Found cache backend SugarCacheMemory
Mon Mar 31 00:19:53 2025 [11166][-none-][DEBUG] Using cache backend SugarCacheMemory, since 999 is less than 1000
Mon Mar 31 00:19:53 2025 [11166][-none-][DEBUG] Found cache backend SugarCacheRedis
Mon Mar 31 00:19:53 2025 [11166][-none-][DEBUG] Found cache backend SugarCachesMash
Mon Mar 31 00:19:53 2025 [11166][-none-][DEBUG] Found cache backend SugarCacheWincache
Mon Mar 31 00:19:53 2025 [11166][-none-][DEBUG] Found cache backend SugarCacheZend
Mon Mar 31 00:19:53 2025 [11166][-none-][INFO] Found language file: en_us.lang.php
Mon Mar 31 00:19:53 2025 [11166][-none-][INFO] Found extended language file: en_us.lang.ext.php
Mon Mar 31 00:19:53 2025 [11166][-none-][WARN] Configuration variable date.timezone is not set, guessed timezone UTC. Please set date.timezone="UTC" in php.ini!
Mon Mar 31 00:19:53 2025 [11166][-none-][INFO] Query:SELECT id, name, symbol, conversion_rate FROM currencies WHERE status = 'Active' and deleted = 0
Mon Mar 31 00:19:53 2025 [11166][-none-][INFO] Query Execution Time:0.00028896331787109
Mon Mar 31 00:19:53 2025 [11166][-none-][DEBUG] rebuilding cache for Users
Mon Mar 31 00:19:53 2025 [11166][-none-][INFO] Query:SELECT * FROM fields_meta_data WHERE  custom_module='Users' AND  deleted = 0
Mon Mar 31 00:19:53 2025 [11166][-none-][INFO] Query Execution Time:0.00035619735717773
Mon Mar 31 00:19:54 2025 [11166][-none-][DEBUG] rebuilding cache for Employees
Mon Mar 31 00:19:54 2025 [11166][-none-][INFO] Query:SELECT * FROM fields_meta_data WHERE  custom_module='Employees' AND  deleted = 0
Mon Mar 31 00:19:54 2025 [11166][-none-][INFO] Query Execution Time:0.00036716461181641
Mon Mar 31 00:19:54 2025 [11166][-none-][DEBUG] rebuilding cache for EmailAddresses
Mon Mar 31 00:19:54 2025 [11166][-none-][INFO] Query:SELECT * FROM fields_meta_data WHERE  custom_module='EmailAddresses' AND  deleted = 0
Mon Mar 31 00:19:54 2025 [11166][-none-][INFO] Query Execution Time:0.00035881996154785
Mon Mar 31 00:19:54 2025 [11166][-none-][DEBUG] rebuilding cache for UserPreferences
Mon Mar 31 00:19:54 2025 [11166][-none-][INFO] Query:SELECT * FROM fields_meta_data WHERE  custom_module='UserPreferences' AND  deleted = 0
Mon Mar 31 00:19:54 2025 [11166][-none-][INFO] Query Execution Time:0.00039410591125488
Mon Mar 31 00:19:54 2025 [11166][-none-][DEBUG] rebuilding cache for Administration
Mon Mar 31 00:19:54 2025 [11166][-none-][INFO] Query:SELECT * FROM fields_meta_data WHERE  custom_module='Administration' AND  deleted = 0
Mon Mar 31 00:19:54 2025 [11166][-none-][INFO] Query Execution Time:0.0003809928894043
Mon Mar 31 00:19:54 2025 [11166][-none-][INFO] Query:SELECT category, name, value FROM config
Mon Mar 31 00:19:54 2025 [11166][-none-][INFO] Query Execution Time:0.00032615661621094
Mon Mar 31 00:19:54 2025 [11166][-none-][INFO] Query:SELECT id FROM outbound_email WHERE type = 'system' AND deleted = 0
Mon Mar 31 00:19:54 2025 [11166][-none-][INFO] Query Execution Time:0.00022101402282715
Mon Mar 31 00:19:54 2025 [11166][-none-][INFO] Query:SELECT * FROM outbound_email WHERE id = '9f511e14-b421-834c-19d7-67e81d8d1ac8'
Mon Mar 31 00:19:54 2025 [11166][-none-][INFO] Query Execution Time:0.0003058910369873
Mon Mar 31 00:19:54 2025 [11166][-none-][DEBUG] Hook called: ::after_entry_point
Mon Mar 31 00:19:54 2025 [11166][-none-][DEBUG] Including module specific hook file for custom/modules
Mon Mar 31 00:19:54 2025 [11166][-none-][DEBUG] Including Ext hook file for custom/application
Mon Mar 31 00:19:54 2025 [11166][-none-][DEBUG] Hook called: ::after_session_start
Mon Mar 31 00:19:54 2025 [11166][-none-][DEBUG] Unable to find SugarController:: get
Mon Mar 31 00:19:54 2025 [11166][-none-][DEBUG] We have an authenticated user id: 1
Mon Mar 31 00:19:54 2025 [11166][-none-][DEBUG] Hook called: Users::before_retrieve
Mon Mar 31 00:19:54 2025 [11166][-none-][DEBUG] Including module specific hook file for custom/modules/Users
Mon Mar 31 00:19:54 2025 [11166][-none-][DEBUG] Retrieve User : SELECT users.* FROM users  WHERE users.id = '1' AND users.deleted=0
Mon Mar 31 00:19:54 2025 [11166][-none-][DEBUG] Limit Query:SELECT users.* FROM users  WHERE users.id = '1' AND users.deleted=0 Start: 0 count: 1
Mon Mar 31 00:19:54 2025 [11166][-none-][INFO] Query:SELECT users.* FROM users  WHERE users.id = '1' AND users.deleted=0 LIMIT 0,1
Mon Mar 31 00:19:54 2025 [11166][-none-][INFO] Query Execution Time:0.00041604042053223
Mon Mar 31 00:19:54 2025 [11166][1][DEBUG] get_user_array query: SELECT id, first_name, last_name, user_name FROM users WHERE 1=1 ORDER BY first_name, last_name ASC
Mon Mar 31 00:19:54 2025 [11166][1][INFO] Query:SELECT id, first_name, last_name, user_name FROM users WHERE 1=1 ORDER BY first_name, last_name ASC
Mon Mar 31 00:19:54 2025 [11166][1][INFO] Query Execution Time:0.00024580955505371
Mon Mar 31 00:19:54 2025 [11166][1][INFO] Query:SELECT u1.first_name, u1.last_name from users  u1, users  u2 where u1.id = u2.reports_to_id AND u2.id = '1' and u1.deleted=0
Mon Mar 31 00:19:54 2025 [11166][1][INFO] Query Execution Time:0.00025796890258789
Mon Mar 31 00:19:54 2025 [11166][1][DEBUG] SugarBean[User].load_relationships, Loading relationship (reports_to_link).
Mon Mar 31 00:19:54 2025 [11166][1][INFO] Query:SELECT 
                    ea.email_address,
                    ea.email_address_caps,
                    ea.invalid_email,
                    ea.opt_out,
                    ea.confirm_opt_in,
                    ea.date_created,
                    ea.date_modified,
                    ear.id,
                    ear.email_address_id,
                    ear.bean_id,
                    ear.bean_module,
                    ear.primary_address,
                    ear.reply_to_address,
                    ear.deleted
                FROM email_addresses ea LEFT JOIN email_addr_bean_rel ear ON ea.id = ear.email_address_id
                WHERE 
                    ear.bean_module = 'Users'
                    AND ear.bean_id = '1'
                    AND ear.deleted = 0
                ORDER BY ear.reply_to_address, ear.primary_address DESC
Mon Mar 31 00:19:54 2025 [11166][1][INFO] Query Execution Time:0.00047993659973145
Mon Mar 31 00:19:54 2025 [11166][1][DEBUG] Hook called: Users::after_retrieve
Mon Mar 31 00:19:54 2025 [11166][1][DEBUG] FACTOR AUTH: -------------------------------------------------------------
Mon Mar 31 00:19:54 2025 [11166][1][DEBUG] FACTOR AUTH: --------------------- CHECK FACTOR AUtH ---------------------
Mon Mar 31 00:19:54 2025 [11166][1][DEBUG] FACTOR AUTH: -------------------------------------------------------------
Mon Mar 31 00:19:54 2025 [11166][1][DEBUG] FACTOR AUTH: User needs factor auth, request is not Logout
Mon Mar 31 00:19:54 2025 [11166][1][DEBUG] FACTOR AUTH: User does`nt need factor auth
Mon Mar 31 00:19:54 2025 [11166][1][DEBUG] Current user is: admin
Mon Mar 31 00:19:54 2025 [11166][1][DEBUG] Current user is: admin
Mon Mar 31 00:19:54 2025 [11166][1][DEBUG] setting cookie ck_login_id_20 to 1
Mon Mar 31 00:19:54 2025 [11166][1][DEBUG] setting cookie ck_login_language_20 to en_us
Mon Mar 31 00:19:54 2025 [11166][1][DEBUG] current_language is: en_us
Mon Mar 31 00:19:54 2025 [11166][1][INFO] Found language file: en_us.lang.php
Mon Mar 31 00:19:54 2025 [11166][1][INFO] Found extended language file: en_us.lang.ext.php
Mon Mar 31 00:19:54 2025 [11166][1][DEBUG] SuiteCRM\ModuleInstall\ExtensionManager::compileExtensionFiles() : Merging module files in custom/Extension/modules/<module>/Language to custom/modules/<module>/Language/en_us.lang.ext.php
Mon Mar 31 00:19:55 2025 [11166][1][DEBUG] Merging application files for en_us.lang.ext.php in Language
Mon Mar 31 00:19:55 2025 [11166][1][DEBUG] rebuilding cache for Alerts
Mon Mar 31 00:19:55 2025 [11166][1][INFO] Query:SELECT * FROM fields_meta_data WHERE  custom_module='Alerts' AND  deleted = 0
Mon Mar 31 00:19:55 2025 [11166][1][INFO] Query Execution Time:0.00040602684020996
Mon Mar 31 00:19:55 2025 [11166][1][DEBUG] Performing action: action_get MODULE: Alerts
Mon Mar 31 00:19:55 2025 [11166][1][DEBUG] get_full_list:  order_by = 'alerts.date_entered' and where = 'alerts.assigned_user_id = '1' AND is_read != '1''
Mon Mar 31 00:19:55 2025 [11166][1][DEBUG] Hook called: Alerts::before_acl_query
Mon Mar 31 00:19:55 2025 [11166][1][DEBUG] SugarBean[Alert].load_relationships, Loading relationship (modified_user_link).
Mon Mar 31 00:19:55 2025 [11166][1][DEBUG] SugarBean[Alert].load_relationships, Loading relationship (created_by_link).
Mon Mar 31 00:19:55 2025 [11166][1][DEBUG] SugarBean[Alert].load_relationships, Loading relationship (assigned_user_link).
Mon Mar 31 00:19:55 2025 [11166][1][DEBUG] process_order_by: (alerts.date_entered) does not have a vardef entry.
Mon Mar 31 00:19:55 2025 [11166][1][DEBUG] process_full_list_query: query is  SELECT  alerts.*  , jt0.user_name modified_by_name , jt0.created_by modified_by_name_owner  , 'Users' modified_by_name_mod , jt1.user_name created_by_name , jt1.created_by created_by_name_owner  , 'Users' created_by_name_mod , jt2.user_name assigned_user_name , jt2.created_by assigned_user_name_owner  , 'Users' assigned_user_name_mod FROM alerts   LEFT JOIN  users jt0 ON alerts.modified_user_id=jt0.id AND jt0.deleted=0

 AND jt0.deleted=0  LEFT JOIN  users jt1 ON alerts.created_by=jt1.id AND jt1.deleted=0

 AND jt1.deleted=0  LEFT JOIN  users jt2 ON alerts.assigned_user_id=jt2.id AND jt2.deleted=0

 AND jt2.deleted=0 where (alerts.assigned_user_id = '1' AND is_read != '1') AND alerts.deleted=0
Mon Mar 31 00:19:55 2025 [11166][1][INFO] Query: SELECT  alerts.*  , jt0.user_name modified_by_name , jt0.created_by modified_by_name_owner  , 'Users' modified_by_name_mod , jt1.user_name created_by_name , jt1.created_by created_by_name_owner  , 'Users' created_by_name_mod , jt2.user_name assigned_user_name , jt2.created_by assigned_user_name_owner  , 'Users' assigned_user_name_mod FROM alerts   LEFT JOIN  users jt0 ON alerts.modified_user_id=jt0.id AND jt0.deleted=0

 AND jt0.deleted=0  LEFT JOIN  users jt1 ON alerts.created_by=jt1.id AND jt1.deleted=0

 AND jt1.deleted=0  LEFT JOIN  users jt2 ON alerts.assigned_user_id=jt2.id AND jt2.deleted=0

 AND jt2.deleted=0 where (alerts.assigned_user_id = '1' AND is_read != '1') AND alerts.deleted=0
Mon Mar 31 00:19:55 2025 [11166][1][INFO] Query Execution Time:0.00097012519836426
Mon Mar 31 00:19:55 2025 [11166][1][DEBUG] process_full_list_query: result is mysqli_result Object
(
    [current_field] => 0
    [field_count] => 23
    [lengths] => 
    [num_rows] => 0
    [type] => 0
)

Mon Mar 31 00:19:55 2025 [11166][1][DEPRECATED] Array
(
)

Mon Mar 31 00:19:55 2025 [11166][1][DEBUG] Hook called: ::server_round_trip
Mon Mar 31 00:19:55 2025 [11166][1][DEBUG] Calling MySQLi::disconnect()
